question,team1,team2,end_date,year,p_model,p_market,edge,result,bet_direction,kelly_size,stake,directional_pnl,total_pnl,cumulative_pnl,model_correct,elo_correct,volume
LEC: G2 Esports vs. GIANTX,G2 Esports,GIANTX,2025-04-26,2025,0.741,0.713149531921888,0.0279,0,YES,0.0193,193.0,-138.8223,-138.8223,-138.8223,0,0,2776.65
LEC: Movistar vs. Fnatic,Movistar,Fnatic,2025-04-26,2025,0.3392,0.4076715431881209,-0.0685,1,NO,0.0382,382.0,-229.0368,-229.0368,-367.8591,0,0,3177.06
LEC: G2 vs. Fnatic,G2,Fnatic,2025-04-27,2025,0.4987,0.7847806990347472,-0.2861,0,NO,0.0901,901.0,702.522,702.522,334.663,1,0,3233.08
LEC: GIANTX vs. Movistar ,GIANTX,Movistar,2025-04-27,2025,0.4037,0.21521930096525285,0.1885,0,YES,0.0588,588.0,-129.5283,-129.5283,205.1346,1,1,1900.67
LPL: Ninjas in Pyjamas vs. Anyone's Legend,Ninjas in Pyjamas,Anyone's Legend,2025-04-27,2025,0.301,0.2365227872738105,0.0645,0,YES,0.0195,195.0,-47.1783,-47.1783,157.9563,1,1,1370.81
LEC: Fnatic vs. G2,Fnatic,G2,2025-05-24,2025,0.6383,0.747594242925898,-0.1093,0,NO,0.0349,349.0,258.9347,258.9347,416.891,0,0,14769.85
LEC: Karmine Corp vs. Movistar KOI,Karmine Corp,Movistar KOI,2025-05-25,2025,0.4678,0.5163467801443761,-0.0485,0,NO,0.0202,202.0,102.7887,102.7887,519.6797,1,0,12496.41
LEC: G2 vs. Movistar KOI,G2,Movistar KOI,2025-05-26,2025,0.4841,0.49940159218981867,-0.0153,1,PASS,0.0,0.0,0.0,0.0,519.6797,0,0,77700.09
LEC: Karmine Corp vs. Fnatic,Karmine Corp,Fnatic,2025-06-02,2025,0.5241,0.7436736638623394,-0.2196,1,NO,0.0724,724.0,-189.7206,-189.7206,329.9591,1,1,56310.46
MSI Play-in: FURIA vs. GAM,Play-in: FURIA,GAM,2025-06-29,2025,0.6886,0.3746695750614612,0.3139,0,YES,0.1,1000.0,-381.6983,-381.6983,-51.7393,0,1,60983.6
MSI Playoffs: Gen.G vs. G2,Playoffs: Gen.G,G2,2025-07-02,2025,0.6711,0.574219326685081,0.0969,1,YES,0.0535,535.0,223.8686,223.8686,172.1293,1,1,164730.18
MSI Playoffs: Anyone's Legend vs. FlyQuest,Playoffs: Anyone's Legend,FlyQuest,2025-07-04,2025,0.6722,0.5725122820129386,0.0997,1,YES,0.0549,549.0,230.6599,230.6599,402.7892,1,1,88100.32
MSI Playoffs: Movistar KOI vs. Bilibili Gaming,Playoffs: Movistar KOI,Bilibili Gaming,2025-07-04,2025,0.351,0.3289073025273257,0.0221,0,YES,0.0058,58.0,-19.4607,-19.4607,383.3285,1,1,251539.31
MSI Playoffs: T1 vs. Flying Oyster,Playoffs: T1,Flying Oyster,2025-07-05,2025,0.4744,0.37500845285892753,0.0994,1,YES,0.0374,374.0,231.1171,231.1171,614.4456,0,0,414379.25
MSI Playoffs: Gen.G vs. Anyone's Legend,Playoffs: Gen.G,Anyone's Legend,2025-07-05,2025,0.5651,0.6314156750910472,-0.0663,1,NO,0.0238,238.0,-89.3848,-89.3848,525.0608,1,1,296366.97
MSI Playoffs: G2 Esports vs. FlyQuest,Playoffs: G2 Esports,FlyQuest,2025-07-05,2025,0.4051,0.4061465875574076,-0.001,0,PASS,0.0,0.0,0.0,0.0,525.0608,1,1,147282.25
MSI Playoffs: T1 vs. Bilibili Gaming,Playoffs: T1,Bilibili Gaming,2025-07-06,2025,0.5084,0.456437065221825,0.052,1,YES,0.0208,208.0,111.5129,111.5129,636.5738,1,0,186825.94
MSI Playoffs: CTBC Flying Oyster vs. Movistar KOI,Playoffs: CTBC Flying Oyster,Movistar KOI,2025-07-06,2025,0.5855,0.6932933862658835,-0.1078,1,NO,0.0369,369.0,-115.5286,-115.5286,521.0451,1,1,330057.63
MSI Playoffs: CTBC Flying Oyster vs. Anyone's Legend,Playoffs: CTBC Flying Oyster,Anyone's Legend,2025-07-09,2025,0.4262,0.5306862851589249,-0.1045,0,NO,0.0464,464.0,242.7715,242.7715,763.8167,1,0,331772.2
MSI Playoffs: Bilibili Gaming vs. FlyQuest,Playoffs: Bilibili Gaming,FlyQuest,2025-07-09,2025,0.4995,0.5123811378146698,-0.0129,1,PASS,0.0,0.0,0.0,0.0,763.8167,0,1,1154632.4
MSI Playoffs: Bilibili Gaming vs. Anyone's Legend,Playoffs: Bilibili Gaming,Anyone's Legend,2025-07-11,2025,0.4416,0.5498348806426652,-0.1082,0,NO,0.0465,465.0,252.2204,252.2204,1016.037,1,0,503311.46
MSI Playoffs: Gen.G vs. T1,Playoffs: Gen.G,T1,2025-07-11,2025,0.5323,0.594637139933046,-0.0623,1,NO,0.0235,235.0,-96.9596,-96.9596,919.0774,1,1,864560.11
MSI Playoffs: T1 vs. Anyone's Legend,Playoffs: T1,Anyone's Legend,2025-07-12,2025,0.4629,0.4053628600669541,0.0575,1,YES,0.0214,214.0,125.7048,125.7048,1044.7823,0,0,1279862.57
LoL: Top Esports vs JD Gaming (BO3),Top Esports,JD Gaming,2026-01-14,2026,0.4846,0.387033780196778,0.0976,0,YES,0.0373,373.0,-147.0183,-147.0183,897.764,1,1,304719.84
LoL: BNK FearX Youth vs DN SOOPers Challengers (BO3),BNK FearX Youth,DN SOOPers Challengers,2026-01-15,2026,0.5405,0.7380109082399104,-0.1975,0,NO,0.0655,655.0,479.5978,479.5978,1377.3618,0,0,10903.61
LoL: T1 Academy vs HANJIN BRION Challengers (BO3),T1 Academy,HANJIN BRION Challengers,2026-01-15,2026,0.7031,0.4897661711236777,0.2133,1,YES,0.1,1000.0,502.737,502.737,1880.0987,1,0,5099.4
LoL: Gen.G Global Academy vs Hanwha Life Esports Challengers (BO3),Gen.G Global Academy,Hanwha Life Esports Challengers,2026-01-15,2026,0.5853,0.37427342138538827,0.211,0,YES,0.0824,824.0,-314.1905,-314.1905,1565.9082,0,1,80223.48
LoL: LGD Gaming vs Ultra Prime (BO3),LGD Gaming,Ultra Prime,2026-01-15,2026,0.5724,0.20017434921665328,0.3722,1,YES,0.1,1000.0,795.0225,795.0225,2360.9307,1,0,183447.99
LoL: Weibo Gaming vs Bilibili Gaming (BO3),Weibo Gaming,Bilibili Gaming,2026-01-15,2026,0.4748,0.3361501183503365,0.1386,0,YES,0.0502,502.0,-172.108,-172.108,2188.8227,1,1,810992.81
LoL: Invictus Gaming vs Anyone's Legend (BO3),Invictus Gaming,Anyone's Legend,2026-01-15,2026,0.5568,0.6638498816496635,-0.107,0,NO,0.0382,382.0,251.0333,251.0333,2439.856,0,0,326626.07
LoL: Gen.G vs DRX (BO3),Gen.G,DRX,2026-01-15,2026,0.4616,0.4951225480690826,-0.0335,1,NO,0.0133,133.0,-68.1461,-68.1461,2371.7099,0,0,227902.47
LoL: Team WE vs EDward Gaming (BO3),Team WE,EDward Gaming,2026-01-16,2026,0.4125,0.5215080726358736,-0.109,1,NO,0.0494,494.0,-240.0732,-240.0732,2131.6367,0,1,246503.97
LoL: LNG Esports vs Ultra Prime (BO3),LNG Esports,Ultra Prime,2026-01-16,2026,0.6436,0.5332164930811507,0.1104,1,YES,0.056,560.0,257.2173,257.2173,2388.854,1,1,157897.37
LoL: Nongshim Esports Academy vs Dplus KIA Challengers (BO3),Nongshim Esports Academy,Dplus KIA Challengers,2026-01-16,2026,0.4262,0.45744666288362507,-0.0312,1,NO,0.0132,132.0,-72.5999,-72.5999,2316.2541,0,0,31079.69
LoL: DRX Challengers vs KT Rolster Challengers (BO3),DRX Challengers,KT Rolster Challengers,2026-01-16,2026,0.4823,0.38856185943933125,0.0937,0,YES,0.0358,358.0,-141.6568,-141.6568,2174.5974,1,1,39718.84
LoL: Hanwha Life Esports vs T1 (BO3),Hanwha Life Esports,T1,2026-01-16,2026,0.4945,0.5102338288763224,-0.0157,0,PASS,0.0,0.0,0.0,0.0,2174.5974,1,0,848799.26
LoL: Gen.G vs KT Rolster (BO3),Gen.G,KT Rolster,2026-01-17,2026,0.5491,0.8939122385279925,-0.3448,1,NO,0.0959,959.0,-104.4665,-104.4665,2070.1309,1,1,237214.62
LoL: Bilibili Gaming vs Anyone's Legend (BO3),Bilibili Gaming,Anyone's Legend,2026-01-17,2026,0.5118,0.6138916466005648,-0.1021,1,NO,0.0391,391.0,-153.7487,-153.7487,1916.3821,1,1,742451.27
LoL: JD Gaming vs Invictus Gaming (BO3),JD Gaming,Invictus Gaming,2026-01-17,2026,0.5346,0.3623657738398276,0.1722,0,YES,0.0655,655.0,-241.8898,-241.8898,1674.4923,0,1,732939.4
LoL: Vivo Keyd Stars vs paiN Gaming (BO1),Vivo Keyd Stars,paiN Gaming,2026-01-17,2026,0.493,0.3444760829658856,0.1485,1,YES,0.0546,546.0,354.2173,354.2173,2028.7095,0,0,52883.64
LoL: Los Ratones vs Fnatic (BO1),Los Ratones,Fnatic,2026-01-17,2026,0.5322,0.4871835984622805,0.045,0,YES,0.0186,186.0,-92.0102,-92.0102,1936.6993,0,1,223282.46
LoL: Shifters vs GIANTX (BO1),Shifters,GIANTX,2026-01-17,2026,0.3175,0.37223847378164776,-0.0547,0,NO,0.0327,327.0,119.4296,119.4296,2056.1289,1,1,241032.96
LoL: RED Canids vs Fluxo W7M (BO1),RED Canids,Fluxo W7M,2026-01-17,2026,0.6378,0.42812440227601234,0.2097,1,YES,0.0896,896.0,505.8194,505.8194,2561.9483,1,0,44034.45
LoL: Team Heretics vs Natus Vincere (BO1),Team Heretics,Natus Vincere,2026-01-17,2026,0.5949,0.43387694198314936,0.161,0,YES,0.0687,687.0,-303.1358,-303.1358,2258.8125,0,1,116485.15
LoL: Top Esports vs Bilibili Gaming (BO3),Top Esports,Bilibili Gaming,2026-01-18,2026,0.519,0.6376342261601724,-0.1186,0,NO,0.0443,443.0,279.4012,279.4012,2538.2137,0,0,301966.58
LoL: DRX vs T1 (BO3),DRX,T1,2026-01-18,2026,0.3766,0.6229266852965183,-0.2463,0,NO,0.0971,971.0,598.0195,598.0195,3136.2332,1,0,554053.61
LoL: FURIA Esports vs LOUD (BO1),FURIA Esports,LOUD,2026-01-18,2026,0.5493,0.6338431435726141,-0.0845,1,NO,0.0309,309.0,-115.2939,-115.2939,3020.9393,1,1,35820.09
LoL: Team Vitality vs SK Gaming (BO1),Team Vitality,SK Gaming,2026-01-18,2026,0.6763,0.6636930286930774,0.0126,1,PASS,0.0,0.0,0.0,0.0,3020.9393,1,1,217234.2
LoL: LOS vs Vivo Keyd Stars (BO1),LOS,Vivo Keyd Stars,2026-01-18,2026,0.5013,0.7113380824193133,-0.21,1,NO,0.0723,723.0,-213.1563,-213.1563,2807.783,1,1,29762.03
LoL: Karmine Corp Blue vs Karmine Corp (BO1),Karmine Corp Blue,Karmine Corp,2026-01-18,2026,0.7726,0.7618202432515498,0.0108,0,PASS,0.0,0.0,0.0,0.0,2807.783,0,0,164803.29
LoL: Team Vitality vs Natus Vincere (BO1),Team Vitality,Natus Vincere,2026-01-18,2026,0.7127,0.6636930286930774,0.049,0,YES,0.0321,321.0,-215.1949,-215.1949,2592.5881,0,0,239592.83
LoL: paiN Gaming vs FURIA Esports (BO1),paiN Gaming,FURIA Esports,2026-01-18,2026,0.4104,0.40055740978972687,0.0098,0,PASS,0.0,0.0,0.0,0.0,2592.5881,1,1,91237.15
LoL: Los Ratones vs Karmine Corp Blue (BO1),Los Ratones,Karmine Corp Blue,2026-01-18,2026,0.348,0.7113380824193133,-0.3633,0,NO,0.1,1000.0,705.178,705.178,3297.766,1,0,494186.68
LoL: Team Heretics vs Shifters (BO1),Team Heretics,Shifters,2026-01-18,2026,0.5973,0.5628296537242987,0.0345,0,YES,0.0158,158.0,-90.0934,-90.0934,3207.6727,0,0,244885.59
LoL: Fluxo W7M vs LOS (BO1),Fluxo W7M,LOS,2026-01-18,2026,0.2273,0.2285913507742965,-0.0013,0,PASS,0.0,0.0,0.0,0.0,3207.6727,1,1,50671.61
LoL: Movistar KOI vs G2 Esports (BO1),Movistar KOI,G2 Esports,2026-01-18,2026,0.3916,0.36097933352710054,0.0306,1,YES,0.0094,94.0,59.4174,59.4174,3267.0901,0,0,195615.38
LoL: Leviatan Esports vs FURIA Esports (BO1),Leviatan Esports,FURIA Esports,2026-01-18,2026,0.391,0.36615685642738593,0.0248,0,YES,0.0071,71.0,-26.4915,-26.4915,3240.5986,1,1,12033.94
LoL: Anyone's Legend vs JD Gaming (BO3),Anyone's Legend,JD Gaming,2026-01-18,2026,0.4751,0.5991723838612762,-0.1241,0,NO,0.0494,494.0,292.4319,292.4319,3533.0306,1,0,830056.32
LoL: Gen.G Global Academy vs KT Rolster Challengers (BO3) - LCK Challengers League Kickoff Group Stage,Gen.G Global Academy,KT Rolster Challengers (BO3) - LCK Challengers League Kickoff Group Stage,2026-01-19,2026,0.548,0.4859631105465946,0.062,0,YES,0.0269,269.0,-132.74,-132.74,3400.2906,0,1,328249.52
LoL: paiN Gaming vs LOUD (BO1),paiN Gaming,LOUD,2026-01-19,2026,0.4628,0.47322739865681696,-0.0104,0,PASS,0.0,0.0,0.0,0.0,3400.2906,1,1,71639.22
LoL: BNK FearX Youth vs Hanwha Life Esports Challengers (BO3) - LCK Challengers League Kickoff Group Stage,BNK FearX Youth,Hanwha Life Esports Challengers (BO3) - LCK Challengers League Kickoff Group Stage,2026-01-19,2026,0.588,0.4862232723974123,0.1018,1,YES,0.0466,466.0,235.9276,235.9276,3636.2182,1,0,72978.57
LoL: Vivo Keyd Stars vs Fluxo W7M (BO1),Vivo Keyd Stars,Fluxo W7M,2026-01-19,2026,0.8001,0.8353052569798922,-0.0352,1,NO,0.0093,93.0,-15.7004,-15.7004,3620.5177,1,1,43603.85
LoL: Team Heretics vs GIANTX (BO1),Team Heretics,GIANTX,2026-01-19,2026,0.3893,0.488216141266844,-0.0989,1,NO,0.0475,475.0,-246.6579,-246.6579,3373.8599,0,0,621188.26
LoL: Team Vitality vs Karmine Corp Blue (BO1),Team Vitality,Karmine Corp Blue,2026-01-19,2026,0.4295,0.6362871887244116,-0.2068,1,NO,0.0794,794.0,-294.3005,-294.3005,3079.5594,0,1,609181.37
LoL: Natus Vincere vs Fnatic (BO1),Natus Vincere,Fnatic,2026-01-19,2026,0.2859,0.3637128112755884,-0.0778,0,NO,0.0497,497.0,177.3147,177.3147,3256.8741,1,1,483282.32
LoL: EDward Gaming vs Ninjas in Pyjamas (BO3),EDward Gaming,Ninjas in Pyjamas,2026-01-19,2026,0.5726,0.6081555741800114,-0.0356,0,NO,0.0118,118.0,70.9188,70.9188,3327.7928,0,0,1021238.77
LoL: Top Esports vs Weibo Gaming (BO3),Top Esports,Weibo Gaming,2026-01-19,2026,0.4711,0.5180453397338926,-0.0469,1,NO,0.0193,193.0,-94.4629,-94.4629,3233.33,0,1,586001.47
LoL: ThunderTalk Gaming vs Team WE (BO3),ThunderTalk Gaming,Team WE,2026-01-19,2026,0.5115,0.7297054602177052,-0.2182,0,NO,0.0733,733.0,530.5369,530.5369,3763.8669,0,0,147619.2
LoL: Leviatan Esports vs RED Canids (BO1),Leviatan Esports,RED Canids,2026-01-19,2026,0.3611,0.3492706337535692,0.0118,0,PASS,0.0,0.0,0.0,0.0,3763.8669,1,1,124236.49
LoL: Movistar KOI vs Karmine Corp (BO1),Movistar KOI,Karmine Corp,2026-01-19,2026,0.5738,0.5305784496866209,0.0432,1,YES,0.0193,193.0,89.1563,89.1563,3853.0231,1,1,279089.47
LoL: G2 Esports vs GIANTX (BO1),G2 Esports,GIANTX,2026-01-19,2026,0.6733,0.7568655853536799,-0.0836,0,NO,0.026,260.0,195.3497,195.3497,4048.3728,0,0,289489.43
LoL: DRX Challengers vs Dplus KIA Challengers (BO3) - LCK Challengers League Kickoff Group Stage,DRX Challengers,Dplus KIA Challengers (BO3) - LCK Challengers League Kickoff Group Stage,2026-01-19,2026,0.5113,0.38856185943933125,0.1227,0,YES,0.0478,478.0,-189.1395,-189.1395,3859.2333,0,1,89151.73
LoL: SK Gaming vs Fnatic (BO1),SK Gaming,Fnatic,2026-01-19,2026,0.2736,0.1763036316680852,0.0973,1,YES,0.0284,284.0,232.6925,232.6925,4091.9258,0,0,246096.51
LoL: T1 Academy vs DN SOOPers Challengers (BO3) - LCK Challengers League Kickoff Group Stage,T1 Academy,DN SOOPers Challengers (BO3) - LCK Challengers League Kickoff Group Stage,2026-01-20,2026,0.8008,0.8936236621539101,-0.0928,0,NO,0.0253,253.0,225.3653,225.3653,4317.2911,0,0,219105.47
LoL: Nongshim Esports Academy vs HANJIN BRION Challengers (BO3) - LCK Challengers League Kickoff Group Stage,Nongshim Esports Academy,HANJIN BRION Challengers (BO3) - LCK Challengers League Kickoff Group Stage,2026-01-20,2026,0.5625,0.46733682566620655,0.0952,1,YES,0.0417,417.0,219.0064,219.0064,4536.2975,1,0,83274.53
LoL: SK Gaming vs G2 Esports (BO1),SK Gaming,G2 Esports,2026-01-20,2026,0.303,0.12674078810419473,0.1763,0,YES,0.0497,497.0,-64.6404,-64.6404,4471.6571,1,1,157927.81
LoL: Los Ratones vs Karmine Corp (BO1),Los Ratones,Karmine Corp,2026-01-20,2026,0.5209,0.6722487928186424,-0.1513,0,NO,0.0544,544.0,362.1076,362.1076,4833.7647,0,0,415044.82
LoL: Shifters vs Movistar KOI (BO1),Shifters,Movistar KOI,2026-01-20,2026,0.3505,0.2111898768225014,0.1393,1,YES,0.0428,428.0,335.4717,335.4717,5169.2364,0,0,306273.88
LoL: Invictus Gaming vs Bilibili Gaming (BO3),Invictus Gaming,Bilibili Gaming,2026-01-20,2026,0.4534,0.5039816499049005,-0.0506,0,NO,0.0217,217.0,107.7366,107.7366,5276.973,1,0,662325.43
LoL: LNG Esports vs LGD Gaming (BO3) - LPL Group Nirvana,LNG Esports,LGD Gaming (BO3) - LPL Group Nirvana,2026-01-21,2026,0.4868,0.5846499673434211,-0.0978,1,NO,0.0392,392.0,-165.6729,-165.6729,5111.3001,0,1,701600.82
LoL: Invictus Gaming vs Top Esports (BO3) - LPL Group Ascend,Invictus Gaming,Top Esports (BO3) - LPL Group Ascend,2026-01-21,2026,0.4884,0.40982846663162653,0.0786,1,YES,0.0306,306.0,178.3721,178.3721,5289.6722,0,0,1006595.14
LoL: Oh My God vs Ultra Prime (BO3) - LPL Group Nirvana,Oh My God,Ultra Prime (BO3) - LPL Group Nirvana,2026-01-22,2026,0.5395,0.41535003265657894,0.1241,0,YES,0.0506,506.0,-213.8533,-213.8533,5075.8189,0,1,208603.66
LoL: ThunderTalk Gaming vs EDward Gaming (BO3) - LPL Group Perseverance,ThunderTalk Gaming,EDward Gaming (BO3) - LPL Group Perseverance,2026-01-22,2026,0.335,0.3154562967680235,0.0195,0,PASS,0.0,0.0,0.0,0.0,5075.8189,1,1,375810.46
LoL: BNK FEARX vs Gen.G (BO3) - LCK Cup Group Stage,BNK FEARX,Gen.G (BO3) - LCK Cup Group Stage,2026-01-22,2026,0.5206,0.7516358775510994,-0.231,0,NO,0.0755,755.0,563.2568,563.2568,5639.0757,0,0,395623.4
LoL: Team WE vs Ninjas in Pyjamas (BO3) - LPL Group Perseverance,Team WE,Ninjas in Pyjamas (BO3) - LPL Group Perseverance,2026-01-22,2026,0.5841,0.6845437032319764,-0.1004,0,NO,0.0346,346.0,234.6106,234.6106,5873.6863,0,0,942520.57
LoL: DRX Challengers vs HANJIN BRION Challengers (BO3) - LCK Challengers League Kickoff Group Stage,DRX Challengers,HANJIN BRION Challengers (BO3) - LCK Challengers League Kickoff Group Stage,2026-01-22,2026,0.544,0.38856185943933125,0.1554,1,YES,0.0614,614.0,371.0468,371.0468,6244.7331,1,0,69132.06
LoL: Nongshim Esports Academy vs KT Rolster Challengers (BO3) - LCK Challengers League Kickoff Group Stage,Nongshim Esports Academy,KT Rolster Challengers (BO3) - LCK Challengers League Kickoff Group Stage,2026-01-22,2026,0.7771,0.7319252528313969,0.0452,0,YES,0.0375,375.0,-276.6793,-276.6793,5968.0537,0,0,67246.62
LoL: BNK FearX Youth vs Dplus KIA Challengers (BO3) - LCK Challengers League Kickoff Group Stage,BNK FearX Youth,Dplus KIA Challengers (BO3) - LCK Challengers League Kickoff Group Stage,2026-01-22,2026,0.4991,0.5802401076226625,-0.0811,1,NO,0.0322,322.0,-137.5155,-137.5155,5830.5382,0,1,44593.9
LoL: T1 Academy vs Hanwha Life Esports Challengers (BO3) - LCK Challengers League Kickoff Group Stage,T1 Academy,Hanwha Life Esports Challengers (BO3) - LCK Challengers League Kickoff Group Stage,2026-01-23,2026,0.8628,0.8936236621539101,-0.0308,1,NO,0.0079,79.0,-8.629,-8.629,5821.9092,1,1,139691.33
LoL: Gen.G Global Academy vs DN SOOPers Challengers (BO3) - LCK Challengers League Kickoff Group Stage,Gen.G Global Academy,DN SOOPers Challengers (BO3) - LCK Challengers League Kickoff Group Stage,2026-01-23,2026,0.4443,0.2371691444662059,0.2071,0,YES,0.0666,666.0,-161.5694,-161.5694,5660.3398,1,1,16973.85
LoL: EDward Gaming vs ThunderTalk Gaming (BO3) - LPL Group Perseverance,EDward Gaming,ThunderTalk Gaming (BO3) - LPL Group Perseverance,2026-01-23,2026,0.7174,0.743106976660795,-0.0257,1,NO,0.0068,68.0,-17.8582,-17.8582,5642.4816,1,1,608942.54
LoL: JD Gaming vs Bilibili Gaming (BO3) - LPL Group Ascend,JD Gaming,Bilibili Gaming (BO3) - LPL Group Ascend,2026-01-23,2026,0.4027,0.38139451333646923,0.0213,1,YES,0.0058,58.0,35.4686,35.4686,5677.9502,0,0,1142760.13
LoL: KT Rolster vs T1 (BO3) - LCK Cup Group Stage,KT Rolster,T1 (BO3) - LCK Cup Group Stage,2026-01-23,2026,0.1848,0.3324492226391282,-0.1476,0,NO,0.1,1000.0,325.7914,325.7914,6003.7416,1,1,450523.74
LoL: Oh My God vs LGD Gaming (BO3) - LPL Group Nirvana,Oh My God,LGD Gaming (BO3) - LPL Group Nirvana,2026-01-23,2026,0.2941,0.5834169651703884,-0.2893,1,NO,0.1,1000.0,-423.8743,-423.8743,5579.8674,0,1,613127.39
LoL: RED Canids vs FURIA Esports (BO1) - CBLOL Cup Regular Season,RED Canids,FURIA Esports (BO1) - CBLOL Cup Regular Season,2026-01-24,2026,0.5057,0.6507293662464309,-0.145,1,NO,0.0537,537.0,-191.2198,-191.2198,5388.6475,1,1,70594.61
LoL: Team Vitality vs Team Heretics (BO1) - LEC Versus Regular Season,Team Vitality,Team Heretics (BO1) - LEC Versus Regular Season,2026-01-24,2026,0.6051,0.12801146377892705,0.4771,0,YES,0.1,1000.0,-131.3602,-131.3602,5257.2873,0,1,259604.58
LoL: Los Ratones vs GIANTX (BO1) - LEC Versus Regular Season,Los Ratones,GIANTX (BO1) - LEC Versus Regular Season,2026-01-24,2026,0.4083,0.6722487928186424,-0.2639,0,NO,0.0967,967.0,643.6728,643.6728,5900.9601,1,0,684016.55
LoL: Natus Vincere vs Karmine Corp Blue (BO1) - LEC Versus Regular Season,Natus Vincere,Karmine Corp Blue (BO1) - LEC Versus Regular Season,2026-01-24,2026,0.1715,0.23585146272000043,-0.0644,1,NO,0.0639,639.0,-491.7458,-491.7458,5409.2143,0,0,424936.3
LoL: Dplus KIA vs Gen.G (BO3) - LCK Cup Group Stage,Dplus KIA,Gen.G (BO3) - LCK Cup Group Stage,2026-01-24,2026,0.5106,0.6814106391779667,-0.1708,0,NO,0.0609,609.0,411.0128,411.0128,5820.2271,0,0,597708.93
LoL: Weibo Gaming vs JD Gaming (BO3) - LPL Group Ascend,Weibo Gaming,JD Gaming (BO3) - LPL Group Ascend,2026-01-24,2026,0.4172,0.29212684924484145,0.1251,1,YES,0.0424,424.0,297.5079,297.5079,6117.735,0,0,426562.28
LoL: Top Esports vs Anyone's Legend (BO3) - LPL Group Ascend,Top Esports,Anyone's Legend (BO3) - LPL Group Ascend,2026-01-24,2026,0.4541,0.5674521576974957,-0.1134,0,NO,0.0473,473.0,264.9219,264.9219,6382.6569,1,0,872942.02
LoL: Fluxo W7M vs Leviatan Esports (BO1) - CBLOL Cup Regular Season,Fluxo W7M,Leviatan Esports (BO1) - CBLOL Cup Regular Season,2026-01-25,2026,0.3499,0.24577647397954325,0.1041,0,YES,0.0329,329.0,-82.6901,-82.6901,6299.9669,1,1,71049.93
LoL: RED Canids vs LOUD (BO1) - CBLOL Cup Regular Season,RED Canids,LOUD (BO1) - CBLOL Cup Regular Season,2026-01-25,2026,0.4711,0.4937084680690485,-0.0226,0,NO,0.0078,78.0,37.9244,37.9244,6337.8912,1,1,59418.83
LoL: Fluxo W7M vs paiN Gaming (BO1) - CBLOL Cup Regular Season,Fluxo W7M,paiN Gaming (BO1) - CBLOL Cup Regular Season,2026-01-25,2026,0.3799,0.24577647397954325,0.1341,1,YES,0.0429,429.0,321.1762,321.1762,6659.0674,0,0,105146.14
LoL: Vivo Keyd Stars vs Leviatan Esports (BO1) - CBLOL Cup Regular Season,Vivo Keyd Stars,Leviatan Esports (BO1) - CBLOL Cup Regular Season,2026-01-25,2026,0.7409,0.7410621709061,-0.0002,1,PASS,0.0,0.0,0.0,0.0,6659.0674,1,1,53153.56
LoL: Cloud9 vs Team Liquid (BO3) - LCS Lock In Group Stage,Cloud9,Team Liquid (BO3) - LCS Lock In Group Stage,2026-01-25,2026,0.7002,0.6854864505414403,0.0147,1,PASS,0.0,0.0,0.0,0.0,6659.0674,1,1,447398.82
LoL: Sentinels vs Disguised (BO3) - LCS Lock In Group Stage,Sentinels,Disguised (BO3) - LCS Lock In Group Stage,2026-01-25,2026,0.2889,0.4086572041441843,-0.1198,0,NO,0.0701,701.0,281.3867,281.3867,6940.4541,1,1,410318.72
LoL: Team Heretics vs Los Ratones (BO1) - LEC Versus Regular Season,Team Heretics,Los Ratones (BO1) - LEC Versus Regular Season,2026-01-25,2026,0.4165,0.39170179256597004,0.0248,0,YES,0.0073,73.0,-29.116,-29.116,6911.338,1,1,759104.1
LoL: SK Gaming vs Natus Vincere (BO1) - LEC Versus Regular Season,SK Gaming,Natus Vincere (BO1) - LEC Versus Regular Season,2026-01-25,2026,0.4518,0.1811276782867703,0.2707,0,YES,0.0817,817.0,-151.6166,-151.6166,6759.7214,1,1,269006.78
LoL: Top Esports vs Invictus Gaming (BO3) - LPL Group Ascend,Top Esports,Invictus Gaming (BO3) - LPL Group Ascend,2026-01-25,2026,0.4982,0.4467468575435481,0.0515,1,YES,0.0202,202.0,110.2593,110.2593,6869.9807,0,0,1091866.26
LoL: Movistar KOI vs Fnatic (BO1) - LEC Versus Regular Season,Movistar KOI,Fnatic (BO1) - LEC Versus Regular Season,2026-01-25,2026,0.586,0.5442326002531103,0.0418,1,YES,0.0191,191.0,85.6303,85.6303,6955.611,1,1,456716.44
LoL: Team Vitality vs Shifters (BO1) - LEC Versus Regular Season,Team Vitality,Shifters (BO1) - LEC Versus Regular Season,2026-01-25,2026,0.5344,0.6082982074340301,-0.0739,1,NO,0.0278,278.0,-110.8803,-110.8803,6844.7307,1,1,584076.48
LoL: T1 vs BNK FEARX (BO3) - LCK Cup Group Stage,T1,BNK FEARX (BO3) - LCK Cup Group Stage,2026-01-25,2026,0.7198,0.6999670625529298,0.0198,1,PASS,0.0,0.0,0.0,0.0,6844.7307,1,1,1531841.93
LoL: Shifters vs G2 Esports (BO1) - LEC Versus Regular Season,Shifters,G2 Esports (BO1) - LEC Versus Regular Season,2026-01-25,2026,0.3538,0.1788234554303119,0.175,0,YES,0.0522,522.0,-95.6454,-95.6454,6749.0852,1,1,261702.78
LoL: SK Gaming vs Karmine Corp (BO1) - LEC Versus Regular Season,SK Gaming,Karmine Corp (BO1) - LEC Versus Regular Season,2026-01-25,2026,0.2445,0.1811276782867703,0.0634,0,YES,0.0181,181.0,-33.5895,-33.5895,6715.4958,1,1,233408.78
LoL: Ninjas in Pyjamas vs Team WE (BO3) - LPL Group Perseverance,Ninjas in Pyjamas,Team WE (BO3) - LPL Group Perseverance,2026-01-25,2026,0.5095,0.5364091062934446,-0.0269,0,NO,0.0092,92.0,48.6633,48.6633,6764.159,0,0,592288.26
LoL: Team Vitality vs Fnatic (BO1) - LEC Versus Regular Season,Team Vitality,Fnatic (BO1) - LEC Versus Regular Season,2026-01-26,2026,0.4884,0.5547178392851028,-0.0663,0,NO,0.0269,269.0,147.2258,147.2258,6911.3848,1,0,598161.02
LoL: Bilibili Gaming vs JD Gaming (BO3) - LPL Group Ascend,Bilibili Gaming,JD Gaming (BO3) - LPL Group Ascend,2026-01-26,2026,0.5121,0.5639134358321022,-0.0518,0,NO,0.02,200.0,111.3072,111.3072,7022.692,0,0,1405951.34
LoL: Team WE vs ThunderTalk Gaming (BO3) - LPL Group Perseverance,Team WE,ThunderTalk Gaming (BO3) - LPL Group Perseverance,2026-01-26,2026,0.6196,0.44248076484335264,0.1771,1,YES,0.0771,771.0,424.1414,424.1414,7446.8334,1,0,394749.64
LoL: Nongshim Esports Academy vs Hanwha Life Esports Challengers (BO5) - LCK Challengers League Kickoff Group Stage,Nongshim Esports Academy,Hanwha Life Esports Challengers (BO5) - LCK Challengers League Kickoff Group Stage,2026-01-26,2026,0.7188,0.3680430088661545,0.3508,1,YES,0.1,1000.0,624.9794,624.9794,8071.8127,1,0,69988.75
LoL: T1 Academy vs Dplus KIA Challengers (BO5) - LCK Challengers League Kickoff Group Stage,T1 Academy,Dplus KIA Challengers (BO5) - LCK Challengers League Kickoff Group Stage,2026-01-26,2026,0.6671,0.7778414337978439,-0.1107,1,NO,0.0342,342.0,-77.7512,-77.7512,7994.0615,1,1,388310.71
LoL: Shifters vs Los Ratones (BO1) - LEC Versus Regular Season,Shifters,Los Ratones (BO1) - LEC Versus Regular Season,2026-01-26,2026,0.4699,0.4452821607148972,0.0246,0,YES,0.0079,79.0,-35.7627,-35.7627,7958.2988,1,1,1101964.97
LoL: LOUD vs Vivo Keyd Stars (BO1) - CBLOL Cup Regular Season,LOUD,Vivo Keyd Stars (BO1) - CBLOL Cup Regular Season,2026-01-26,2026,0.5604,0.41077303335152004,0.1496,1,YES,0.0612,612.0,356.1631,356.1631,8314.4619,1,0,100057.64
LoL: paiN Gaming vs RED Canids (BO1) - CBLOL Cup Regular Season,paiN Gaming,RED Canids (BO1) - CBLOL Cup Regular Season,2026-01-26,2026,0.3305,0.4193161047639378,-0.0888,0,NO,0.0495,495.0,203.9456,203.9456,8518.4076,1,1,133964.76
LoL: Movistar KOI vs Karmine Corp Blue (BO1) - LEC Versus Regular Season,Movistar KOI,Karmine Corp Blue (BO1) - LEC Versus Regular Season,2026-01-26,2026,0.4132,0.3330933176696655,0.0801,1,YES,0.0278,278.0,183.5474,183.5474,8701.9549,0,0,226139.08
LoL: LOS vs FURIA Esports (BO1) - CBLOL Cup Regular Season,LOS,FURIA Esports (BO1) - CBLOL Cup Regular Season,2026-01-26,2026,0.4231,0.8389566565333165,-0.4159,1,NO,0.1,1000.0,-165.0966,-165.0966,8536.8584,0,1,80934.42
LoL: LYON vs Dignitas (BO3) - LCS Lock In Group Stage,LYON,Dignitas (BO3) - LCS Lock In Group Stage,2026-01-26,2026,0.611,0.6262775005792821,-0.0153,1,PASS,0.0,0.0,0.0,0.0,8536.8584,1,1,161261.53
LoL: FlyQuest vs Shopify Rebellion (BO3) - LCS Lock In Group Stage,FlyQuest,Shopify Rebellion (BO3) - LCS Lock In Group Stage,2026-01-26,2026,0.778,0.8227379975982348,-0.0447,1,NO,0.0123,123.0,-22.3414,-22.3414,8514.517,1,1,318616.51
LoL: Karmine Corp vs G2 Esports (BO1) - LEC Versus Regular Season,Karmine Corp,G2 Esports (BO1) - LEC Versus Regular Season,2026-01-26,2026,0.3789,0.389294114043432,-0.0104,1,PASS,0.0,0.0,0.0,0.0,8514.517,0,0,676113.56
LoL: SK Gaming vs Karmine Corp Blue (BO1) - LEC Versus Regular Season,SK Gaming,Karmine Corp Blue (BO1) - LEC Versus Regular Season,2026-01-26,2026,0.2892,0.4282743338226318,-0.1391,1,NO,0.0782,782.0,-452.8338,-452.8338,8061.6832,0,0,1033044.89
LoL: Fnatic vs GIANTX (BO1) - LEC Versus Regular Season,Fnatic,GIANTX (BO1) - LEC Versus Regular Season,2026-01-26,2026,0.5295,0.5864726048777725,-0.057,1,NO,0.0215,215.0,-90.4727,-90.4727,7971.2105,1,1,571603.93
LoL: Movistar KOI vs GIANTX (BO1) - LEC Versus Regular Season,Movistar KOI,GIANTX (BO1) - LEC Versus Regular Season,2026-01-27,2026,0.7056,0.6805129745155802,0.0251,0,YES,0.0148,148.0,-101.6812,-101.6812,7869.5293,0,0,615949.83
LoL: DRX Challengers vs DN SOOPers Challengers (BO5) - LCK Challengers League Kickoff Group Stage,DRX Challengers,DN SOOPers Challengers (BO5) - LCK Challengers League Kickoff Group Stage,2026-01-27,2026,0.4163,0.38856185943933125,0.0277,0,YES,0.0085,85.0,-33.6336,-33.6336,7835.8957,1,1,149295.89
LoL: BNK FearX Youth vs KT Rolster Challengers (BO5) - LCK Challengers League Kickoff Group Stage,BNK FearX Youth,KT Rolster Challengers (BO5) - LCK Challengers League Kickoff Group Stage,2026-01-27,2026,0.4411,0.45699550253072296,-0.0159,0,PASS,0.0,0.0,0.0,0.0,7835.8957,1,1,115190.75
LoL: Natus Vincere vs Karmine Corp (BO1) - LEC Versus Regular Season,Natus Vincere,Karmine Corp (BO1) - LEC Versus Regular Season,2026-01-27,2026,0.2958,0.21711815733018144,0.0787,0,YES,0.0237,237.0,-52.6655,-52.6655,7783.2302,1,1,636923.51
LoL: Team Heretics vs G2 Esports (BO1) - LEC Versus Regular Season,Team Heretics,G2 Esports (BO1) - LEC Versus Regular Season,2026-01-27,2026,0.2424,0.16880888447249062,0.0736,0,YES,0.021,210.0,-36.3338,-36.3338,7746.8963,1,1,533445.02
LoL: Ultra Prime vs LNG Esports (BO3) - LPL Group Nirvana,Ultra Prime,LNG Esports (BO3) - LPL Group Nirvana,2026-01-27,2026,0.3898,0.4165830348296116,-0.0268,0,NO,0.0119,119.0,48.7057,48.7057,7795.602,1,1,291118.42
LoL: Weibo Gaming vs Top Esports (BO3) - LPL Group Ascend,Weibo Gaming,Top Esports (BO3) - LPL Group Ascend,2026-01-27,2026,0.45,0.3720910806602281,0.0779,1,YES,0.0285,285.0,176.9564,176.9564,7972.5585,0,0,1178097.58
LoL: Anyone's Legend vs Invictus Gaming (BO3) - LPL Group Ascend,Anyone's Legend,Invictus Gaming (BO3) - LPL Group Ascend,2026-01-27,2026,0.5376,0.553253142456452,-0.0157,1,PASS,0.0,0.0,0.0,0.0,7972.5585,1,1,1477949.38
LoL: Oh My God vs LNG Esports (BO3) - LPL Group Nirvana,Oh My God,LNG Esports (BO3) - LPL Group Nirvana,2026-01-28,2026,0.2714,0.3680696762952095,-0.0967,0,NO,0.0621,621.0,224.238,224.238,8196.7965,1,1,317132.19
LoL: Ninjas in Pyjamas vs EDward Gaming (BO3) - LPL Group Perseverance,Ninjas in Pyjamas,EDward Gaming (BO3) - LPL Group Perseverance,2026-01-28,2026,0.4857,0.5575192351566474,-0.0718,0,NO,0.0293,293.0,161.1847,161.1847,8357.9812,1,0,1124218.12
LoL: Ultra Prime vs LGD Gaming (BO3) - LPL Group Nirvana,Ultra Prime,LGD Gaming (BO3) - LPL Group Nirvana,2026-01-28,2026,0.2776,0.2871852176242976,-0.0096,0,PASS,0.0,0.0,0.0,0.0,8357.9812,1,1,1154243.53
LoL: ThunderTalk Gaming vs Ninjas in Pyjamas (BO3) - LPL Group Perseverance,ThunderTalk Gaming,Ninjas in Pyjamas (BO3) - LPL Group Perseverance,2026-01-29,2026,0.3746,0.27348986298435757,0.1011,0,YES,0.033,330.0,-92.2187,-92.2187,8265.7625,1,1,377685.18
LoL: Gen.G Global Academy vs HANJIN BRION Challengers (BO5) - LCK Challengers League Kickoff Group Stage,Gen.G Global Academy,HANJIN BRION Challengers (BO5) - LCK Challengers League Kickoff Group Stage,2026-01-29,2026,0.3444,0.32094447561642353,0.0235,0,YES,0.0063,63.0,-20.6314,-20.6314,8245.1311,1,1,73996.15
LoL: JD Gaming vs Weibo Gaming (BO3) - LPL Group Ascend,JD Gaming,Weibo Gaming (BO3) - LPL Group Ascend,2026-01-29,2026,0.5201,0.43740259726997505,0.0827,0,YES,0.0339,339.0,-150.7821,-150.7821,8094.349,0,1,1337872.93
LoL: Ultra Prime vs Oh My God (BO3) - LPL Group Nirvana,Ultra Prime,Oh My God (BO3) - LPL Group Nirvana,2026-01-30,2026,0.5354,0.33373807994683835,0.2017,0,YES,0.0739,739.0,-251.5621,-251.5621,7842.7869,0,1,339450.12
LoL: Bilibili Gaming vs Top Esports (BO3) - LPL Group Ascend,Bilibili Gaming,Top Esports (BO3) - LPL Group Ascend,2026-01-30,2026,0.5062,0.562597402730025,-0.0564,0,NO,0.0221,221.0,122.7025,122.7025,7965.4894,0,0,841808.5
LoL: Shifters vs Fnatic (BO1) - LEC Versus Regular Season,Shifters,Fnatic (BO1) - LEC Versus Regular Season,2026-01-31,2026,0.3846,0.16247266056205364,0.2221,1,YES,0.0654,654.0,545.0731,545.0731,8510.5625,0,0,329146.91
LoL: Team Heretics vs SK Gaming (BO1) - LEC Versus Regular Season,Team Heretics,SK Gaming (BO1) - LEC Versus Regular Season,2026-01-31,2026,0.4908,0.16880888447249062,0.322,0,YES,0.0961,961.0,-166.2705,-166.2705,8344.2919,1,1,256133.74
LoL: FURIA Esports vs Fluxo W7M (BO1) - CBLOL Cup Regular Season,FURIA Esports,Fluxo W7M (BO1) - CBLOL Cup Regular Season,2026-01-31,2026,0.7252,0.5786295738677498,0.1466,1,YES,0.0841,841.0,348.221,348.221,8692.5129,1,1,42310.56
LoL: Vivo Keyd Stars vs RED Canids (BO1) - CBLOL Cup Regular Season,Vivo Keyd Stars,RED Canids (BO1) - CBLOL Cup Regular Season,2026-01-31,2026,0.5514,0.58922696664848,-0.0378,0,NO,0.0131,131.0,76.2375,76.2375,8768.7505,0,0,53468.97
LoL: Natus Vincere vs GIANTX (BO1) - LEC Versus Regular Season,Natus Vincere,GIANTX (BO1) - LEC Versus Regular Season,2026-01-31,2026,0.444,0.21711815733018144,0.2269,0,YES,0.0713,713.0,-158.4411,-158.4411,8610.3094,1,1,338172.99
LoL: Bilibili Gaming vs Invictus Gaming (BO3) - LPL Group Ascend,Bilibili Gaming,Invictus Gaming (BO3) - LPL Group Ascend,2026-01-31,2026,0.5345,0.5104961725306254,0.024,1,YES,0.0086,86.0,41.4526,41.4526,8651.762,1,1,994569.44
LoL: JD Gaming vs Anyone's Legend (BO3) - LPL Group Ascend,JD Gaming,Anyone's Legend (BO3) - LPL Group Ascend,2026-01-31,2026,0.5591,0.579012720187469,-0.0199,0,PASS,0.0,0.0,0.0,0.0,8651.762,0,0,2068504.61
LoL: T1 vs Dplus KIA (BO5) - LCK Cup Group Stage,T1,Dplus KIA (BO5) - LCK Cup Group Stage,2026-01-31,2026,0.707,0.7778414337978439,-0.0708,1,NO,0.0212,212.0,-48.1967,-48.1967,8603.5653,1,1,1389501.16
LoL: Anyone's Legend vs Top Esports (BO3) - LPL Group Ascend,Anyone's Legend,Top Esports (BO3) - LPL Group Ascend,2026-02-01,2026,0.555,0.6032795836096194,-0.0483,1,NO,0.0172,172.0,-69.4709,-69.4709,8534.0945,1,1,623642.06
LoL: LOS vs RED Canids (BO1) - CBLOL Cup Regular Season,LOS,RED Canids (BO1) - CBLOL Cup Regular Season,2026-02-01,2026,0.4933,0.5986283745007219,-0.1053,1,NO,0.0415,415.0,-169.5606,-169.5606,8364.5339,0,1,68937.62
LoL: FURIA Esports vs Vivo Keyd Stars (BO1) - CBLOL Cup Regular Season,FURIA Esports,Vivo Keyd Stars (BO1) - CBLOL Cup Regular Season,2026-02-01,2026,0.7326,0.7721979675326229,-0.0396,1,NO,0.0112,112.0,-26.1049,-26.1049,8338.429,1,1,41815.46
LoL: Team Vitality vs GIANTX (BO1) - LEC Versus Regular Season,Team Vitality,GIANTX (BO1) - LEC Versus Regular Season,2026-02-01,2026,0.3453,0.27336072276100254,0.0719,1,YES,0.0229,229.0,165.0358,165.0358,8503.4648,0,0,290302.44
LoL: Team Heretics vs Karmine Corp Blue (BO1) - LEC Versus Regular Season,Team Heretics,Karmine Corp Blue (BO1) - LEC Versus Regular Season,2026-02-01,2026,0.4795,0.5649896952051214,-0.0855,1,NO,0.035,350.0,-154.8343,-154.8343,8348.6305,0,1,400882.72
LoL: LGD Gaming vs LNG Esports (BO3) - LPL Group Nirvana,LGD Gaming,LNG Esports (BO3) - LPL Group Nirvana,2026-02-01,2026,0.4057,0.6662619200531616,-0.2606,0,NO,0.0962,962.0,634.5267,634.5267,8983.1572,1,0,953570.75
LoL: Movistar KOI vs Los Ratones (BO1) - LEC Versus Regular Season,Movistar KOI,Los Ratones (BO1) - LEC Versus Regular Season,2026-02-01,2026,0.5974,0.4013716254992781,0.196,0,YES,0.0798,798.0,-326.0467,-326.0467,8657.1106,0,1,589444.39
LoL: Team Vitality vs Karmine Corp (BO1) - LEC Versus Regular Season,Team Vitality,Karmine Corp (BO1) - LEC Versus Regular Season,2026-02-01,2026,0.3078,0.27336072276100254,0.0344,1,YES,0.0099,99.0,71.3473,71.3473,8728.4579,0,0,241711.15
LoL: Karmine Corp Blue vs G2 Esports (BO1) - LEC Versus Regular Season,Karmine Corp Blue,G2 Esports (BO1) - LEC Versus Regular Season,2026-02-01,2026,0.4099,0.5516305882859396,-0.1417,0,NO,0.0617,617.0,335.7779,335.7779,9064.2358,1,0,219789.23
LoL: Shifters vs Natus Vincere (BO1) - LEC Versus Regular Season,Shifters,Natus Vincere (BO1) - LEC Versus Regular Season,2026-02-01,2026,0.512,0.25302338211012476,0.259,0,YES,0.0854,854.0,-220.9242,-220.9242,8843.3116,0,1,504839.14
LoL: Sentinels vs Dignitas (BO3) - LCS Lock In Group Stage,Sentinels,Dignitas (BO3) - LCS Lock In Group Stage,2026-02-01,2026,0.6971,0.6825132988638325,0.0146,1,PASS,0.0,0.0,0.0,0.0,8843.3116,1,1,2184952.21
LoL: Cloud9 vs LYON (BO3) - LCS Lock In Group Stage,Cloud9,LYON (BO3) - LCS Lock In Group Stage,2026-02-01,2026,0.6778,0.7602127574483479,-0.0824,1,NO,0.0255,255.0,-62.5403,-62.5403,8780.7713,1,1,1819858.39
LoL: Leviatan Esports vs LOUD (BO1) - CBLOL Cup Regular Season,Leviatan Esports,LOUD (BO1) - CBLOL Cup Regular Season,2026-02-01,2026,0.3522,0.3154970930401705,0.0367,1,YES,0.0111,111.0,75.2607,75.2607,8856.032,0,0,106119.19
LoL: LOS vs paiN Gaming (BO1) - CBLOL Cup Regular Season,LOS,paiN Gaming (BO1) - CBLOL Cup Regular Season,2026-02-01,2026,0.6524,0.5986283745007219,0.0538,0,YES,0.0295,295.0,-178.7218,-178.7218,8677.3102,0,0,124301.75
LoL: Hanwha Life Esports vs Gen.G (BO5) - LCK Cup Group Stage,Hanwha Life Esports,Gen.G (BO5) - LCK Cup Group Stage,2026-02-01,2026,0.4505,0.8916694051129508,-0.4412,0,NO,0.1,1000.0,888.7716,888.7716,9566.0818,1,0,2072123.14
LoL: Dplus KIA Challengers vs Hanwha Life Esports Challengers (BO3) - LCK Challengers League Kickoff Play-In,Dplus KIA Challengers,Hanwha Life Esports Challengers (BO3) - LCK Challengers League Kickoff Play-In,2026-02-02,2026,0.6909,0.36254233908652217,0.3284,0,YES,0.1,1000.0,-369.4755,-369.4755,9196.6063,0,1,78162.55
LoL: paiN Gaming vs Leviatan Esports (BO1) - CBLOL Cup Regular Season,paiN Gaming,Leviatan Esports (BO1) - CBLOL Cup Regular Season,2026-02-02,2026,0.5167,0.5850782360905589,-0.0684,1,NO,0.0264,264.0,-111.462,-111.462,9085.1443,1,1,46383.4
LoL: LOUD vs Fluxo W7M (BO1) - CBLOL Cup Regular Season,LOUD,Fluxo W7M (BO1) - CBLOL Cup Regular Season,2026-02-02,2026,0.713,0.7862946518621511,-0.0733,0,NO,0.0218,218.0,170.3133,170.3133,9255.4576,0,0,28397.56
LoL: Bilibili Gaming vs Weibo Gaming (BO3) - LPL Group Ascend,Bilibili Gaming,Weibo Gaming (BO3) - LPL Group Ascend,2026-02-02,2026,0.5518,0.5789671247950734,-0.0272,1,NO,0.0087,87.0,-37.2661,-37.2661,9218.1915,1,1,763176.15
LoL: LGD Gaming vs Oh My God (BO3) - LPL Group Nirvana,LGD Gaming,Oh My God (BO3) - LPL Group Nirvana,2026-02-02,2026,0.502,0.4382201161965569,0.0638,0,YES,0.0254,254.0,-113.1838,-113.1838,9105.0076,0,1,1515407.76
LoL: Natus Vincere vs Los Ratones (BO1) - LEC Versus Regular Season,Natus Vincere,Los Ratones (BO1) - LEC Versus Regular Season,2026-02-02,2026,0.4836,0.45624832120338377,0.0274,1,YES,0.0093,93.0,49.8767,49.8767,9154.8844,0,0,881793.08
LoL: SK Gaming vs GIANTX (BO1) - LEC Versus Regular Season,SK Gaming,GIANTX (BO1) - LEC Versus Regular Season,2026-02-02,2026,0.3431,0.18601185979244972,0.1571,0,YES,0.0471,471.0,-89.751,-89.751,9065.1334,1,1,818772.14
LoL: Los Ratones vs G2 Esports (BO1) - LEC Versus Regular Season,Los Ratones,G2 Esports (BO1) - LEC Versus Regular Season,2026-02-02,2026,0.3747,0.5188525276940805,-0.1442,1,NO,0.0668,668.0,-326.4094,-326.4094,8738.724,0,1,441020.0
LoL: Karmine Corp vs Fnatic (BO1) - LEC Versus Regular Season,Karmine Corp,Fnatic (BO1) - LEC Versus Regular Season,2026-02-02,2026,0.5794,0.5499084821108162,0.0295,1,YES,0.0125,125.0,55.3333,55.3333,8794.0573,1,1,324297.82
LoL: SK Gaming vs Movistar KOI (BO1) - LEC Versus Regular Season,SK Gaming,Movistar KOI (BO1) - LEC Versus Regular Season,2026-02-02,2026,0.2687,0.18601185979244972,0.0827,0,YES,0.0241,241.0,-45.9236,-45.9236,8748.1337,1,1,371114.57
LoL: FlyQuest vs Disguised (BO3) - LCS Lock In Group Stage,FlyQuest,Disguised (BO3) - LCS Lock In Group Stage,2026-02-02,2026,0.6228,0.7703950127318618,-0.1476,1,NO,0.0465,465.0,-109.2339,-109.2339,8638.8998,1,1,234443.95
LoL: Shopify Rebellion vs Team Liquid (BO3) - LCS Lock In Group Stage,Shopify Rebellion,Team Liquid (BO3) - LCS Lock In Group Stage,2026-02-02,2026,0.4604,0.5099421913069345,-0.0495,0,NO,0.0209,209.0,105.011,105.011,8743.9108,1,0,1198438.13
LoL: Karmine Corp Blue vs Fnatic (BO1) - LEC Versus Regular Season,Karmine Corp Blue,Fnatic (BO1) - LEC Versus Regular Season,2026-02-02,2026,0.5231,0.8631568882852867,-0.3401,0,NO,0.0979,979.0,841.5615,841.5615,9585.4723,0,0,770437.11
LoL: DRX Challengers vs BNK FearX Youth (BO3) - LCK Challengers League Kickoff Play-In,DRX Challengers,BNK FearX Youth (BO3) - LCK Challengers League Kickoff Play-In,2026-02-02,2026,0.5082,0.38856185943933125,0.1196,1,YES,0.0465,465.0,281.0045,281.0045,9866.4768,1,0,358470.73
LoL: HANJIN BRION Challengers vs DRX Challengers (BO3) - LCK Challengers League Kickoff Play-In,HANJIN BRION Challengers,DRX Challengers (BO3) - LCK Challengers League Kickoff Play-In,2026-02-03,2026,0.4331,0.45213635699031396,-0.019,0,PASS,0.0,0.0,0.0,0.0,9866.4768,1,1,323543.87
LoL: T1 Academy vs Hanwha Life Esports Challengers (BO3) - LCK Challengers League Kickoff Play-In,T1 Academy,Hanwha Life Esports Challengers (BO3) - LCK Challengers League Kickoff Play-In,2026-02-03,2026,0.8237,0.743310721420186,0.0804,0,YES,0.0744,744.0,-557.2818,-557.2818,9309.195,0,0,423516.98
LoL: Fluxo W7M vs Leviatan Esports (BO3) - CBLOL Cup Play-In,Fluxo W7M,Leviatan Esports (BO3) - CBLOL Cup Play-In,2026-02-03,2026,0.3712,0.3664428918593045,0.0048,0,PASS,0.0,0.0,0.0,0.0,9309.195,1,1,121332.02
LoL: Vivo Keyd Stars vs paiN Gaming (BO3) - CBLOL Cup Play-In,Vivo Keyd Stars,paiN Gaming (BO3) - CBLOL Cup Play-In,2026-02-03,2026,0.5507,0.5865785141289142,-0.0359,1,NO,0.0123,123.0,-51.7457,-51.7457,9257.4493,1,1,186292.6
LoL: Team Heretics vs Movistar KOI (BO1) - LEC Versus Regular Season,Team Heretics,Movistar KOI (BO1) - LEC Versus Regular Season,2026-02-03,2026,0.2486,0.21980003135276036,0.0288,1,YES,0.0076,76.0,58.9042,58.9042,9316.3535,0,0,843397.52
LoL: Shifters vs Karmine Corp (BO1) - LEC Versus Regular Season,Shifters,Karmine Corp (BO1) - LEC Versus Regular Season,2026-02-03,2026,0.2748,0.2270093728637663,0.0478,0,YES,0.0138,138.0,-32.0538,-32.0538,9284.2997,1,1,651309.68
LoL: Team Vitality vs G2 Esports (BO1) - LEC Versus Regular Season,Team Vitality,G2 Esports (BO1) - LEC Versus Regular Season,2026-02-03,2026,0.3441,0.24245955476219913,0.1016,0,YES,0.032,320.0,-79.3503,-79.3503,9204.9494,1,1,1192129.56
LoL: Invictus Gaming vs JD Gaming (BO3) - LPL Group Ascend,Invictus Gaming,JD Gaming (BO3) - LPL Group Ascend,2026-02-03,2026,0.4419,0.4210328752049267,0.0209,0,YES,0.0059,59.0,-25.2724,-25.2724,9179.677,1,1,919713.14
LoL: T1 Academy vs HANJIN BRION Challengers (BO5) - LCK Challengers League Kickoff Play-In,T1 Academy,HANJIN BRION Challengers (BO5) - LCK Challengers League Kickoff Play-In,2026-02-04,2026,0.7491,0.743310721420186,0.0058,1,PASS,0.0,0.0,0.0,0.0,9179.677,1,1,262874.32
LoL: Weibo Gaming vs Anyone's Legend (BO3) - LPL Group Ascend,Weibo Gaming,Anyone's Legend (BO3) - LPL Group Ascend,2026-02-04,2026,0.385,0.3737508779626634,0.0112,0,PASS,0.0,0.0,0.0,0.0,9179.677,1,1,1724214.75
LoL: EDward Gaming vs Team WE (BO3) - LPL Group Perseverance,EDward Gaming,Team WE (BO3) - LPL Group Perseverance,2026-02-04,2026,0.4336,0.5149078599408201,-0.0813,1,NO,0.0364,364.0,-179.3011,-179.3011,9000.3759,0,1,1186681.5
LoL: paiN Gaming vs Leviatan Esports (BO5) - CBLOL Cup Play-In,paiN Gaming,Leviatan Esports (BO5) - CBLOL Cup Play-In,2026-02-04,2026,0.5088,0.5397756579299412,-0.031,0,NO,0.011,110.0,58.5555,58.5555,9058.9315,0,0,238397.75
LoL: Ninjas in Pyjamas vs ThunderTalk Gaming (BO3) - LPL Group Perseverance,Ninjas in Pyjamas,ThunderTalk Gaming (BO3) - LPL Group Perseverance,2026-02-05,2026,0.7382,0.7471134340260068,-0.0089,1,PASS,0.0,0.0,0.0,0.0,9058.9315,1,1,256799.04
LoL: JD Gaming vs Top Esports (BO3) - LPL Group Ascend,JD Gaming,Top Esports (BO3) - LPL Group Ascend,2026-02-05,2026,0.5386,0.5369955101385361,0.0016,0,PASS,0.0,0.0,0.0,0.0,9058.9315,0,0,1277389.76
LoL: Anyone's Legend vs Bilibili Gaming (BO3) - LPL Group Ascend,Anyone's Legend,Bilibili Gaming (BO3) - LPL Group Ascend,2026-02-06,2026,0.5613,0.6854213058948845,-0.1241,1,NO,0.0433,433.0,-139.0135,-139.0135,8919.918,1,1,1229051.91
LoL: Invictus Gaming vs Weibo Gaming (BO3) - LPL Group Ascend,Invictus Gaming,Weibo Gaming (BO3) - LPL Group Ascend,2026-02-06,2026,0.4884,0.46300448986146386,0.0254,0,YES,0.0085,85.0,-39.9894,-39.9894,8879.9286,1,1,643415.28
LoL: FURIA Esports vs Leviatan Esports (BO3) - CBLOL Cup Playoffs,FURIA Esports,Leviatan Esports (BO3) - CBLOL Cup Playoffs,2026-02-07,2026,0.546,0.4329855165877592,0.113,1,YES,0.0472,472.0,264.1544,264.1544,9144.083,1,0,52818.26
LoL: LOUD vs Vivo Keyd Stars (BO3) - CBLOL Cup Playoffs,LOUD,Vivo Keyd Stars (BO3) - CBLOL Cup Playoffs,2026-02-07,2026,0.6904,0.7862946518621511,-0.0959,1,NO,0.0291,291.0,-63.6552,-63.6552,9080.4278,1,1,54027.59
LoL: SK Gaming vs Los Ratones (BO1) - LEC Versus Regular Season,SK Gaming,Los Ratones (BO1) - LEC Versus Regular Season,2026-02-07,2026,0.3971,0.28601711899725485,0.1111,0,YES,0.0371,371.0,-108.3852,-108.3852,8972.0426,1,1,600079.54
LoL: Shifters vs Karmine Corp Blue (BO1) - LEC Versus Regular Season,Shifters,Karmine Corp Blue (BO1) - LEC Versus Regular Season,2026-02-07,2026,0.4971,0.2270093728637663,0.2701,1,YES,0.0862,862.0,661.7801,661.7801,9633.8227,0,0,236715.75
LoL: Team Heretics vs Fnatic (BO1) - LEC Versus Regular Season,Team Heretics,Fnatic (BO1) - LEC Versus Regular Season,2026-02-07,2026,0.4237,0.21980003135276036,0.2039,1,YES,0.0641,641.0,496.8105,496.8105,10130.6332,0,0,229767.71
LoL: Ninjas in Pyjamas vs Team WE (BO3) - LPL Group Perseverance,Ninjas in Pyjamas,Team WE (BO3) - LPL Group Perseverance,2026-02-07,2026,0.6346,0.7680330730417136,-0.1334,1,NO,0.042,420.0,-99.6709,-99.6709,10030.9623,1,1,371133.23
LoL: Dplus KIA vs DRX (BO3) - LCK Cup Play-In,Dplus KIA,DRX (BO3) - LCK Cup Play-In,2026-02-07,2026,0.5046,0.256689278579814,0.2479,1,YES,0.0821,821.0,605.5587,605.5587,10636.521,1,0,480568.52
LoL: Karmine Corp vs GIANTX (BO1) - LEC Versus Regular Season,Karmine Corp,GIANTX (BO1) - LEC Versus Regular Season,2026-02-08,2026,0.6477,0.6441060687110474,0.0036,1,PASS,0.0,0.0,0.0,0.0,10636.521,1,1,257517.28
LoL: Team Vitality vs Los Ratones (BO1) - LEC Versus Regular Season,Team Vitality,Los Ratones (BO1) - LEC Versus Regular Season,2026-02-08,2026,0.4736,0.32356960154014164,0.15,1,YES,0.0535,535.0,358.3774,358.3774,10994.8983,0,0,903648.07
LoL: Karmine Corp Blue vs GIANTX (BO1) - LEC Versus Regular Season,Karmine Corp Blue,GIANTX (BO1) - LEC Versus Regular Season,2026-02-08,2026,0.4495,0.8256636238866609,-0.3762,1,NO,0.1,1000.0,-178.6547,-178.6547,10816.2437,0,1,347569.6
LoL: SK Gaming vs Shifters (BO1) - LEC Versus Regular Season,SK Gaming,Shifters (BO1) - LEC Versus Regular Season,2026-02-08,2026,0.5242,0.12140766550036099,0.4028,0,YES,0.1,1000.0,-124.6077,-124.6077,10691.636,0,1,477778.25
LoL: Natus Vincere vs G2 Esports (BO1) - LEC Versus Regular Season,Natus Vincere,G2 Esports (BO1) - LEC Versus Regular Season,2026-02-08,2026,0.396,0.17528651698488648,0.2207,1,YES,0.0659,659.0,540.6282,540.6282,11232.2642,0,0,508257.57
LoL: RED Canids vs FURIA Esports (BO3) - CBLOL Cup Playoffs,RED Canids,FURIA Esports (BO3) - CBLOL Cup Playoffs,2026-02-08,2026,0.5061,0.6111749689796285,-0.1051,1,NO,0.0405,405.0,-160.3615,-160.3615,11071.9027,1,1,124865.06
LoL: Disguised vs LYON (BO3) - LCS Lock In Group Stage,Disguised,LYON (BO3) - LCS Lock In Group Stage,2026-02-08,2026,0.5777,0.2296049872681381,0.3481,1,YES,0.1,1000.0,765.0884,765.0884,11836.9911,1,0,394566.13
LoL: Team Liquid vs Sentinels (BO3) - LCS Lock In Group Stage,Team Liquid,Sentinels (BO3) - LCS Lock In Group Stage,2026-02-08,2026,0.5606,0.5439812233380338,0.0166,0,PASS,0.0,0.0,0.0,0.0,11836.9911,0,0,291947.77
LoL: Team Vitality vs Movistar KOI (BO1) - LEC Versus Regular Season,Team Vitality,Movistar KOI (BO1) - LEC Versus Regular Season,2026-02-08,2026,0.3525,0.32356960154014164,0.0289,1,YES,0.0083,83.0,55.5987,55.5987,11892.5898,0,0,286016.32
LoL: LOS vs LOUD (BO3) - CBLOL Cup Playoffs,LOS,LOUD (BO3) - CBLOL Cup Playoffs,2026-02-09,2026,0.5616,0.7668504442820803,-0.2053,0,NO,0.0656,656.0,499.5353,499.5353,12392.1251,0,0,138180.63
LoL: Top Esports vs Team WE (BO5) - LPL Knights Rivals,Top Esports,Team WE (BO5) - LPL Knights Rivals,2026-02-09,2026,0.5834,0.5492687636247304,0.0341,1,YES,0.0151,151.0,66.9389,66.9389,12459.064,1,1,1528543.62
LoL: Team Liquid vs Dignitas (BO1) - LCS Lock In Last Chance Qualifier,Team Liquid,Dignitas (BO1) - LCS Lock In Last Chance Qualifier,2026-02-09,2026,0.7165,0.5439812233380338,0.1725,1,YES,0.092,920.0,412.6907,412.6907,12871.7547,1,1,128132.77
LoL: Invictus Gaming vs Ninjas in Pyjamas (BO5) - LPL Knights Rivals,Invictus Gaming,Ninjas in Pyjamas (BO5) - LPL Knights Rivals,2026-02-09,2026,0.3687,0.4815532941577565,-0.1129,0,NO,0.0556,556.0,263.5793,263.5793,13135.334,1,1,1493731.13
LoL: Team Heretics vs Karmine Corp (BO1) - LEC Versus Regular Season,Team Heretics,Karmine Corp (BO1) - LEC Versus Regular Season,2026-02-09,2026,0.2568,0.2392007157098165,0.0176,1,PASS,0.0,0.0,0.0,0.0,13135.334,0,0,508965.59
LoL: Nongshim Esports Academy vs Hanwha Life Esports Challengers (BO5) - LCK Challengers League Kickoff Playoffs,Nongshim Esports Academy,Hanwha Life Esports Challengers (BO5) - LCK Challengers League Kickoff Playoffs,2026-02-09,2026,0.7358,0.6866815394501479,0.0491,1,YES,0.0348,348.0,106.7887,106.7887,13242.1227,1,1,417785.3
LoL: Fnatic vs G2 Esports (BO1) - LEC Versus Regular Season,Fnatic,G2 Esports (BO1) - LEC Versus Regular Season,2026-02-09,2026,0.3288,0.3572438367629422,-0.0284,0,NO,0.0154,154.0,53.9547,53.9547,13296.0774,1,1,665907.37
LoL: Dignitas vs Shopify Rebellion (BO3) - LCS Lock In Group Stage,Dignitas,Shopify Rebellion (BO3) - LCS Lock In Group Stage,2026-02-09,2026,0.4305,0.3185175581994258,0.112,1,YES,0.0391,391.0,263.9135,263.9135,13559.9909,0,0,350470.21
LoL: DRX Challengers vs T1 Academy (BO5) - LCK Challengers League Kickoff Playoffs,DRX Challengers,T1 Academy (BO5) - LCK Challengers League Kickoff Playoffs,2026-02-09,2026,0.2571,0.38856185943933125,-0.1315,0,NO,0.0815,815.0,310.869,310.869,13870.8599,1,1,574584.44
LoL: Cloud9 vs FlyQuest (BO3) - LCS Lock In Group Stage,Cloud9,FlyQuest (BO3) - LCS Lock In Group Stage,2026-02-09,2026,0.4681,0.3743813291299905,0.0937,1,YES,0.035,350.0,216.5072,216.5072,14087.3671,0,0,680845.73
LoL: Natus Vincere vs Movistar KOI (BO1) - LEC Versus Regular Season,Natus Vincere,Movistar KOI (BO1) - LEC Versus Regular Season,2026-02-09,2026,0.4349,0.28533835832806037,0.1496,0,YES,0.0506,506.0,-147.4767,-147.4767,13939.8904,1,1,519420.57
LoL: Hanwha Life Esports Challengers vs DRX Challengers (BO5) - LCK Challengers League Kickoff Playoffs,Hanwha Life Esports Challengers,DRX Challengers (BO5) - LCK Challengers League Kickoff Playoffs,2026-02-10,2026,0.4926,0.3892245706836203,0.1034,0,YES,0.0399,399.0,-158.1462,-158.1462,13781.7442,1,1,483671.72
LoL: ThunderTalk Gaming vs LNG Esports (BO5) - LPL Knights Rivals,ThunderTalk Gaming,LNG Esports (BO5) - LPL Knights Rivals,2026-02-10,2026,0.2084,0.23196692695828644,-0.0236,0,NO,0.0201,201.0,45.5511,45.5511,13827.2952,1,1,274105.05
LoL: EDward Gaming vs Oh My God (BO5) - LPL Knights Rivals,EDward Gaming,Oh My God (BO5) - LPL Knights Rivals,2026-02-10,2026,0.641,0.5646456033675175,0.0764,0,YES,0.0403,403.0,-230.5242,-230.5242,13596.7711,0,0,1915177.11
LoL: Invictus Gaming vs Oh My God (BO5) - LPL Knights Rivals,Invictus Gaming,Oh My God (BO5) - LPL Knights Rivals,2026-02-11,2026,0.5373,0.5137067458573114,0.0236,1,YES,0.0084,84.0,40.2191,40.2191,13636.9902,1,1,1527740.79
LoL: Team WE vs LNG Esports (BO5) - LPL Knights Rivals,Team WE,LNG Esports (BO5) - LPL Knights Rivals,2026-02-11,2026,0.3247,0.2795249376491543,0.0452,1,YES,0.0137,137.0,97.8774,97.8774,13734.8676,0,0,1246304.85
LoL: Dplus KIA vs DRX (BO5) - LCK Cup Playoffs,Dplus KIA,DRX (BO5) - LCK Cup Playoffs,2026-02-13,2026,0.6658,0.7581334046052486,-0.0923,1,NO,0.0288,288.0,-71.2419,-71.2419,13663.6257,1,1,2618241.48
LoL: Vivo Keyd Stars vs Leviatan Esports (BO5) - CBLOL Cup Playoffs,Vivo Keyd Stars,Leviatan Esports (BO5) - CBLOL Cup Playoffs,2026-02-14,2026,0.4844,0.538958941572831,-0.0546,0,NO,0.0222,222.0,117.994,117.994,13781.6197,1,0,337674.14
LoL: Gen.G vs Dplus KIA (BO5) - LCK Cup Playoffs,Gen.G,Dplus KIA (BO5) - LCK Cup Playoffs,2026-02-14,2026,0.6498,0.6751863147416001,-0.0254,1,NO,0.007,70.0,-23.1975,-23.1975,13758.4222,1,1,1803450.04
LoL: FURIA Esports vs Leviatan Esports (BO5) - CBLOL Cup Playoffs,FURIA Esports,Leviatan Esports (BO5) - CBLOL Cup Playoffs,2026-02-15,2026,0.6159,0.480663191734295,0.1352,1,YES,0.0624,624.0,319.3932,319.3932,14077.8153,1,0,234004.24
LoL: T1 vs BNK FEARX (BO5) - LCK Cup Playoffs,T1,BNK FEARX (BO5) - LCK Cup Playoffs,2026-02-15,2026,0.6479,0.743310721420186,-0.0954,0,NO,0.0304,304.0,224.2264,224.2264,14302.0417,0,0,2112014.87
LoL: Sentinels vs Disguised (BO5) - LCS Lock In Playoffs,Sentinels,Disguised (BO5) - LCS Lock In Playoffs,2026-02-15,2026,0.3553,0.40459722120264,-0.0493,1,NO,0.0265,265.0,-159.6969,-159.6969,14142.3448,0,0,837470.4
LoL: Natus Vincere vs Fnatic (BO3) - LEC Versus Playoffs,Natus Vincere,Fnatic (BO3) - LEC Versus Playoffs,2026-02-16,2026,0.6198,0.28533835832806037,0.3345,1,YES,0.1,1000.0,708.544,708.544,14850.8889,1,0,808490.13
LoL: Cloud9 vs FlyQuest (BO5) - LCS Lock In Playoffs,Cloud9,FlyQuest (BO5) - LCS Lock In Playoffs,2026-02-16,2026,0.6791,0.45573953524763194,0.2234,1,YES,0.1,1000.0,536.8192,536.8192,15387.7081,1,0,710949.99
LoL: Team Vitality vs Movistar KOI (BO3) - LEC Versus Playoffs,Team Vitality,Movistar KOI (BO3) - LEC Versus Playoffs,2026-02-16,2026,0.3815,0.23314955571791968,0.1484,0,YES,0.0469,469.0,-111.8627,-111.8627,15275.8454,1,1,706868.6
LoL: Karmine Corp vs GIANTX (BO3) - LEC Versus Playoffs,Karmine Corp,GIANTX (BO3) - LEC Versus Playoffs,2026-02-17,2026,0.6773,0.7607992842901835,-0.0835,1,NO,0.0258,258.0,-63.1223,-63.1223,15212.723,1,1,1018951.07
LoL: Team Heretics vs G2 Esports (BO3) - LEC Versus Playoffs,Team Heretics,G2 Esports (BO3) - LEC Versus Playoffs,2026-02-17,2026,0.3295,0.2392007157098165,0.0903,0,YES,0.0281,281.0,-68.7495,-68.7495,15143.9735,1,1,713276.97
LoL: Natus Vincere vs Movistar KOI (BO3) - LEC Versus Playoffs,Natus Vincere,Movistar KOI (BO3) - LEC Versus Playoffs,2026-02-20,2026,0.4231,0.352960862102805,0.0701,0,YES,0.0247,247.0,-88.8736,-88.8736,15055.0999,1,1,421640.18
LoL: Karmine Corp vs G2 Esports (BO3) - LEC Versus Playoffs,Karmine Corp,G2 Esports (BO3) - LEC Versus Playoffs,2026-02-20,2026,0.5149,0.668909848664208,-0.154,0,NO,0.0556,556.0,368.2198,368.2198,15423.3196,0,0,970683.38
LoL: Gen.G vs BNK FEARX (BO5) - LCK Cup Playoffs,Gen.G,BNK FEARX (BO5) - LCK Cup Playoffs,2026-02-21,2026,0.7407,0.7623730595503825,-0.0217,1,NO,0.0054,54.0,-13.1253,-13.1253,15410.1943,1,1,1583971.47
LoL: Disguised vs Team Liquid (BO5) - LCS Lock In Playoffs,Disguised,Team Liquid (BO5) - LCS Lock In Playoffs,2026-02-21,2026,0.3596,0.4752709286228007,-0.1157,0,NO,0.0578,578.0,270.3822,270.3822,15680.5765,1,1,431799.05
LoL: GIANTX vs Team Heretics (BO3) - LEC Versus Playoffs,GIANTX,Team Heretics (BO3) - LEC Versus Playoffs,2026-02-21,2026,0.5082,0.331090151335792,0.1771,1,YES,0.0643,643.0,425.8369,425.8369,16106.4134,1,0,872532.59
LoL: LOUD vs RED Canids (BO5) - CBLOL Cup Playoffs,LOUD,RED Canids (BO5) - CBLOL Cup Playoffs,2026-02-21,2026,0.4684,0.5606394058570345,-0.0922,1,NO,0.0383,383.0,-171.1054,-171.1054,15935.308,0,1,110926.92
LoL: Natus Vincere vs GIANTX (BO3) - LEC Versus Playoffs,Natus Vincere,GIANTX (BO3) - LEC Versus Playoffs,2026-02-22,2026,0.4576,0.2728999199021248,0.1847,0,YES,0.062,620.0,-172.8887,-172.8887,15762.4194,1,1,901458.78
LoL: LOS vs FURIA Esports (BO5) - CBLOL Cup Playoffs,LOS,FURIA Esports (BO5) - CBLOL Cup Playoffs,2026-02-22,2026,0.4955,0.7668504442820803,-0.2714,0,NO,0.0873,873.0,664.7779,664.7779,16427.1973,1,0,170330.89
LoL: FlyQuest vs LYON (BO5) - LCS Lock In Playoffs,FlyQuest,LYON (BO5) - LCS Lock In Playoffs,2026-02-22,2026,0.4882,0.7683975590063435,-0.2802,0,NO,0.0901,901.0,687.5159,687.5159,17114.7132,1,0,680715.77
LoL: T1 vs Dplus KIA (BO5) - LCK Cup Playoffs,T1,Dplus KIA (BO5) - LCK Cup Playoffs,2026-02-22,2026,0.5818,0.7605686512397978,-0.1788,0,NO,0.0574,574.0,433.4306,433.4306,17548.1437,0,0,2967796.98
LoL: Fnatic vs Team Vitality (BO3) - LEC Versus Playoffs,Fnatic,Team Vitality (BO3) - LEC Versus Playoffs,2026-02-22,2026,0.3934,0.5267438225001856,-0.1333,0,NO,0.0606,606.0,314.6748,314.6748,17862.8185,1,0,715104.15
LoL: KT Rolster Challengers vs T1 Academy (BO5) - LCK Challengers League Kickoff Playoffs,KT Rolster Challengers,T1 Academy (BO5) - LCK Challengers League Kickoff Playoffs,2026-02-23,2026,0.5104,0.7012679088611575,-0.1909,0,NO,0.0664,664.0,461.4688,461.4688,18324.2873,0,0,354577.13
LoL: Karmine Corp vs Team Vitality (BO3) - LEC Versus Playoffs,Karmine Corp,Team Vitality (BO3) - LEC Versus Playoffs,2026-02-23,2026,0.5876,0.6274815270270505,-0.0399,1,NO,0.0132,132.0,-50.0981,-50.0981,18274.1892,1,1,742138.36
LoL: DN SOOPers Challengers vs Nongshim Esports Academy (BO5) - LCK Challengers League Kickoff Playoffs,DN SOOPers Challengers,Nongshim Esports Academy (BO5) - LCK Challengers League Kickoff Playoffs,2026-02-23,2026,0.5025,0.6919994600414833,-0.1895,0,NO,0.0668,668.0,457.9844,457.9844,18732.1736,0,0,491493.0
LoL: G2 Esports vs Movistar KOI (BO5) - LEC Versus Playoffs,G2 Esports,Movistar KOI (BO5) - LEC Versus Playoffs,2026-02-23,2026,0.5063,0.5999997039566313,-0.0937,1,NO,0.0365,365.0,-148.6281,-148.6281,18583.5455,1,1,889300.94
LoL: Cloud9 vs Sentinels (BO5) - LCS Lock In Playoffs,Cloud9,Sentinels (BO5) - LCS Lock In Playoffs,2026-02-23,2026,0.8065,0.7745615587536454,0.0319,1,YES,0.0303,303.0,66.7206,66.7206,18650.2661,1,1,392714.11
LoL: Anyone's Legend vs Team WE (BO5) - LPL Playoffs,Anyone's Legend,Team WE (BO5) - LPL Playoffs,2026-02-24,2026,0.6161,0.5581832016929366,0.0579,1,YES,0.0291,291.0,126.4157,126.4157,18776.6818,1,1,866843.0
LoL: JD Gaming vs Top Esports (BO5) - LPL Playoffs,JD Gaming,Top Esports (BO5) - LPL Playoffs,2026-02-24,2026,0.4258,0.4507312363752695,-0.0249,1,NO,0.0099,99.0,-55.1129,-55.1129,18721.5689,0,0,2828040.71
LoL: DN SOOPers Challengers vs DRX Challengers (BO5) - LCK Challengers League Kickoff Playoffs,DN SOOPers Challengers,DRX Challengers (BO5) - LCK Challengers League Kickoff Playoffs,2026-02-24,2026,0.5897,0.5337094744425114,0.056,0,YES,0.0264,264.0,-142.8703,-142.8703,18578.6986,0,0,337480.58
LoL: Bilibili Gaming vs Ninjas in Pyjamas (BO5) - LPL Playoffs,Bilibili Gaming,Ninjas in Pyjamas (BO5) - LPL Playoffs,2026-02-25,2026,0.5271,0.4418167983070634,0.0853,1,YES,0.0354,354.0,194.9778,194.9778,18773.6764,1,0,1121775.62
LoL: T1 Academy vs Nongshim Esports Academy (BO5) - LCK Challengers League Kickoff Playoffs,T1 Academy,Nongshim Esports Academy (BO5) - LCK Challengers League Kickoff Playoffs,2026-02-25,2026,0.6223,0.661126559608441,-0.0388,1,NO,0.0123,123.0,-42.5081,-42.5081,18731.1683,1,1,252530.95
LoL: Weibo Gaming vs Invictus Gaming (BO5) - LPL Playoffs,Weibo Gaming,Invictus Gaming (BO5) - LPL Playoffs,2026-02-25,2026,0.4805,0.5184467058422435,-0.0379,1,NO,0.0149,149.0,-72.8674,-72.8674,18658.3009,0,1,949491.48
LoL: JD Gaming vs Anyone's Legend (BO5) - LPL Playoffs,JD Gaming,Anyone's Legend (BO5) - LPL Playoffs,2026-02-26,2026,0.398,0.4598479282668432,-0.0618,1,NO,0.0301,301.0,-164.8287,-164.8287,18493.4722,0,0,2087184.15
LoL: KT Rolster Challengers vs DRX Challengers (BO5) - LCK Challengers League Kickoff Playoffs,KT Rolster Challengers,DRX Challengers (BO5) - LCK Challengers League Kickoff Playoffs,2026-02-26,2026,0.5905,0.5224584102758175,0.068,1,YES,0.0322,322.0,151.3583,151.3583,18644.8304,1,1,223616.63
LoL: GIANTX vs Karmine Corp (BO5) - LEC Versus Playoffs,GIANTX,Karmine Corp (BO5) - LEC Versus Playoffs,2026-02-27,2026,0.4548,0.5749098665806798,-0.1201,0,NO,0.0497,497.0,282.0864,282.0864,18926.9168,1,0,525017.72
LoL: Weibo Gaming vs Bilibili Gaming (BO5) - LPL Playoffs,Weibo Gaming,Bilibili Gaming (BO5) - LPL Playoffs,2026-02-27,2026,0.4404,0.5983570040473389,-0.158,0,NO,0.0638,638.0,377.1519,377.1519,19304.0687,1,0,1232449.21
LoL: BNK FEARX vs Dplus KIA (BO5) - LCK Cup Playoffs,BNK FEARX,Dplus KIA (BO5) - LCK Cup Playoffs,2026-02-28,2026,0.5319,0.2241668575975595,0.3077,1,YES,0.0981,981.0,755.974,755.974,20060.0427,1,0,1793116.53
LoL: LYON vs Team Liquid (BO5) - LCS Lock In Playoffs,LYON,Team Liquid (BO5) - LCS Lock In Playoffs,2026-02-28,2026,0.4932,0.4693907402320192,0.0238,1,YES,0.0078,78.0,40.8047,40.8047,20100.8474,0,0,713520.23
LoL: RED Canids vs FURIA Esports (BO5) - CBLOL Cup Playoffs,RED Canids,FURIA Esports (BO5) - CBLOL Cup Playoffs,2026-02-28,2026,0.479,0.4947180110387139,-0.0157,1,PASS,0.0,0.0,0.0,0.0,20100.8474,0,0,264345.09
LoL: Top Esports vs Team WE (BO5) - LPL Playoffs,Top Esports,Team WE (BO5) - LPL Playoffs,2026-02-28,2026,0.5919,0.5401520717331568,0.0517,1,YES,0.0245,245.0,110.8371,110.8371,20211.6845,1,1,621090.8
LoL: Movistar KOI vs Karmine Corp (BO5) - LEC Versus Playoffs,Movistar KOI,Karmine Corp (BO5) - LEC Versus Playoffs,2026-02-28,2026,0.3853,0.3500548353070028,0.0352,0,YES,0.011,110.0,-39.2568,-39.2568,20172.4277,1,1,1330341.13
LoL: LOUD vs RED Canids (BO5) - CBLOL Cup Playoffs,LOUD,RED Canids (BO5) - CBLOL Cup Playoffs,2026-03-01,2026,0.5285,0.5052819889612862,0.0232,1,YES,0.0081,81.0,39.4647,39.4647,20211.8924,1,1,158542.7
LoL: G2 Esports vs Karmine Corp (BO5) - LEC Versus Playoffs,G2 Esports,Karmine Corp (BO5) - LEC Versus Playoffs,2026-03-01,2026,0.6099,0.6499451646929972,-0.04,1,NO,0.0129,129.0,-46.0376,-46.0376,20165.8548,1,1,2241753.82
LoL: Gen.G vs BNK FEARX (BO5) - LCK Cup Playoffs,Gen.G,BNK FEARX (BO5) - LCK Cup Playoffs,2026-03-01,2026,0.6868,0.7758331424024405,-0.089,1,NO,0.0272,272.0,-62.3925,-62.3925,20103.4623,1,1,2119079.19
LoL: Sentinels vs LYON (BO5) - LCS Lock In Playoffs,Sentinels,LYON (BO5) - LCS Lock In Playoffs,2026-03-01,2026,0.3155,0.42319937466433255,-0.1077,0,NO,0.0603,603.0,250.7734,250.7734,20354.2357,1,1,461150.83
LoL: Invictus Gaming vs Ninjas in Pyjamas (BO5) - LPL Playoffs,Invictus Gaming,Ninjas in Pyjamas (BO5) - LPL Playoffs,2026-03-01,2026,0.4615,0.40164299595266106,0.0599,1,YES,0.0223,223.0,131.8258,131.8258,20486.0616,0,0,818372.09
LoL: Nongshim Esports Academy vs KT Rolster Challengers (BO5) - LCK Challengers League Kickoff Playoffs,Nongshim Esports Academy,KT Rolster Challengers (BO5) - LCK Challengers League Kickoff Playoffs,2026-03-02,2026,0.4402,0.3455012653842524,0.0947,1,YES,0.0339,339.0,219.5753,219.5753,20705.6369,0,0,468499.28
LoL: Weibo Gaming vs Top Esports (BO5) - LPL Playoffs,Weibo Gaming,Top Esports (BO5) - LPL Playoffs,2026-03-02,2026,0.397,0.3583222458640492,0.0387,1,YES,0.0125,125.0,79.3475,79.3475,20784.9844,0,0,2682952.69
LoL: Cloud9 vs LYON (BO5) - LCS Lock In Playoffs,Cloud9,LYON (BO5) - LCS Lock In Playoffs,2026-03-02,2026,0.6789,0.7269929937555161,-0.0481,0,NO,0.0146,146.0,105.2717,105.2717,20890.256,0,0,980490.76
LoL: Anyone's Legend vs Invictus Gaming (BO5) - LPL Playoffs,Anyone's Legend,Invictus Gaming (BO5) - LPL Playoffs,2026-03-03,2026,0.5696,0.6316100684337504,-0.062,1,NO,0.022,220.0,-82.5815,-82.5815,20807.6746,1,1,1781301.06
LoL: T1 Academy vs Nongshim Esports Academy (BO5) - LCK Challengers League Kickoff Playoffs,T1 Academy,Nongshim Esports Academy (BO5) - LCK Challengers League Kickoff Playoffs,2026-03-03,2026,0.6182,0.661126559608441,-0.0429,0,NO,0.0138,138.0,90.3079,90.3079,20897.9825,0,0,567794.68
LoL: JD Gaming vs Bilibili Gaming (BO5) - LPL Playoffs,JD Gaming,Bilibili Gaming (BO5) - LPL Playoffs,2026-03-04,2026,0.3471,0.3683899315662496,-0.0213,0,NO,0.0099,99.0,35.7795,35.7795,20933.7621,1,1,2691651.43
LoL: EDward Gaming vs Ultra Prime (BO3) - Esports World Cup China Qualifier Phase 1,EDward Gaming,Ultra Prime (BO3) - Esports World Cup China Qualifier Phase 1,2026-03-27,2026,0.7143,0.6088248540521914,0.1055,0,YES,0.064,640.0,-394.2205,-394.2205,20539.5415,0,0,474715.12
LoL: Oh My God vs Ultra Prime (BO3) - Esports World Cup China Qualifier Phase 1,Oh My God,Ultra Prime (BO3) - Esports World Cup China Qualifier Phase 1,2026-03-28,2026,0.567,0.3416760200476423,0.2253,1,YES,0.0839,839.0,546.6722,546.6722,21086.2138,1,0,247785.31
LoL: GIANTX vs Fnatic (BO3) - LEC Group Stage,GIANTX,Fnatic (BO3) - LEC Group Stage,2026-03-28,2026,0.5279,0.3116210819253421,0.2163,1,YES,0.0769,769.0,524.4146,524.4146,21610.6283,1,0,1337359.65
LoL: Karmine Corp vs Team Vitality (BO3) - LEC Group Stage,Karmine Corp,Team Vitality (BO3) - LEC Group Stage,2026-03-28,2026,0.5328,0.4156934568042582,0.1171,1,YES,0.0476,476.0,274.6614,274.6614,21885.2898,1,0,897258.3
LoL: LNG Esports vs ThunderTalk Gaming (BO3) - Esports World Cup China Qualifier Phase 1,LNG Esports,ThunderTalk Gaming (BO3) - Esports World Cup China Qualifier Phase 1,2026-03-28,2026,0.7138,0.5740077198965748,0.1398,0,YES,0.0791,791.0,-459.8426,-459.8426,21425.4471,0,0,565289.28
LoL: LOUD vs RED Canids (BO3) - CBLOL Regular Season,LOUD,RED Canids (BO3) - CBLOL Regular Season,2026-03-28,2026,0.4373,0.36207125531171414,0.0752,0,YES,0.0271,271.0,-99.9991,-99.9991,21325.448,1,1,80942.51
LoL: paiN Gaming vs Vivo Keyd Stars (BO3) - CBLOL Regular Season,paiN Gaming,Vivo Keyd Stars (BO3) - CBLOL Regular Season,2026-03-29,2026,0.5817,0.5397756579299412,0.0419,0,YES,0.019,190.0,-103.9734,-103.9734,21221.4746,0,0,55279.28
LoL: Ninjas in Pyjamas vs Oh My God (BO3) - Esports World Cup China Qualifier Phase 1,Ninjas in Pyjamas,Oh My God (BO3) - Esports World Cup China Qualifier Phase 1,2026-03-29,2026,0.5646,0.46797417349357784,0.0966,0,YES,0.0425,425.0,-202.0634,-202.0634,21019.4112,0,1,559804.31
LoL: SK Gaming vs Team Heretics (BO3) - LEC Group Stage,SK Gaming,Team Heretics (BO3) - LEC Group Stage,2026-03-29,2026,0.5195,0.40001921987066674,0.1195,0,YES,0.0474,474.0,-193.022,-193.022,20826.3892,0,1,929046.92
LoL: Natus Vincere vs Movistar KOI (BO3) - LEC Group Stage,Natus Vincere,Movistar KOI (BO3) - LEC Group Stage,2026-03-29,2026,0.3604,0.305569605649246,0.0548,1,YES,0.0176,176.0,121.0994,121.0994,20947.4886,0,0,738975.68
LoL: Anyone's Legend vs Top Esports (BO3) - Esports World Cup China Qualifier Phase 2,Anyone's Legend,Top Esports (BO3) - Esports World Cup China Qualifier Phase 2,2026-03-30,2026,0.5147,0.6037382641549801,-0.089,1,NO,0.0343,343.0,-138.3795,-138.3795,20809.109,1,1,551744.76
LoL: Natus Vincere vs SK Gaming (BO3) - LEC Group Stage,Natus Vincere,SK Gaming (BO3) - LEC Group Stage,2026-03-30,2026,0.5229,0.305569605649246,0.2173,1,YES,0.0767,767.0,527.7455,527.7455,21336.8545,1,0,1139907.45
LoL: Fluxo W7M vs Leviatan Esports (BO3) - CBLOL Regular Season,Fluxo W7M,Leviatan Esports (BO3) - CBLOL Regular Season,2026-03-30,2026,0.4373,0.3438681389652766,0.0934,1,YES,0.0334,334.0,216.8873,216.8873,21553.7418,0,0,201806.14
LoL: Movistar KOI vs Fnatic (BO3) - LEC Group Stage,Movistar KOI,Fnatic (BO3) - LEC Group Stage,2026-03-30,2026,0.7383,0.6255479977876967,0.1128,1,YES,0.0719,719.0,264.1785,264.1785,21817.9203,1,1,372566.7
LoL: HANJIN BRION Challengers vs Nongshim Esports Academy (BO3) - LCK Challengers League Rounds 1-2,HANJIN BRION Challengers,Nongshim Esports Academy (BO3) - LCK Challengers League Rounds 1-2,2026-03-30,2026,0.2444,0.175385958805121,0.069,0,YES,0.0197,197.0,-35.4058,-35.4058,21782.5145,1,1,193313.8
LoL: BNK FearX Youth vs Hanwha Life Esports Challengers (BO3) - LCK Challengers League Rounds 1-2,BNK FearX Youth,Hanwha Life Esports Challengers (BO3) - LCK Challengers League Rounds 1-2,2026-03-30,2026,0.5081,0.5943318849655432,-0.0862,0,NO,0.0336,336.0,197.2652,197.2652,21979.7797,0,0,193804.62
LoL: KT Rolster Challengers vs DN SOOPers Challengers (BO3) - LCK Challengers League Rounds 1-2,KT Rolster Challengers,DN SOOPers Challengers (BO3) - LCK Challengers League Rounds 1-2,2026-03-30,2026,0.52,0.5593517566068023,-0.0394,1,NO,0.0145,145.0,-64.9662,-64.9662,21914.8135,1,1,88073.82
LoL: JD Gaming vs Oh My God (BO3) - Esports World Cup China Qualifier Phase 2,JD Gaming,Oh My God (BO3) - Esports World Cup China Qualifier Phase 2,2026-03-31,2026,0.6075,0.34059335655508555,0.2669,1,YES,0.0997,997.0,650.711,650.711,22565.5245,1,0,682775.87
LoL: Team Heretics vs Team Vitality (BO3) - LEC Group Stage,Team Heretics,Team Vitality (BO3) - LEC Group Stage,2026-03-31,2026,0.3432,0.37269517865656876,-0.0295,0,NO,0.0154,154.0,56.3149,56.3149,22621.8394,1,1,480520.0
LoL: Kiwoom DRX Challengers vs T1 Academy (BO3) - LCK Challengers League Rounds 1-2,Kiwoom DRX Challengers,T1 Academy (BO3) - LCK Challengers League Rounds 1-2,2026-03-31,2026,0.3263,0.3328733889688934,-0.0066,0,PASS,0.0,0.0,0.0,0.0,22621.8394,1,1,290877.2
LoL: Dplus KIA Challengers vs Gen.G Global Academy (BO3) - LCK Challengers League Rounds 1-2,Dplus KIA Challengers,Gen.G Global Academy (BO3) - LCK Challengers League Rounds 1-2,2026-03-31,2026,0.7057,0.6253988576377033,0.0803,1,YES,0.0498,498.0,183.0513,183.0513,22804.8907,1,1,79002.49
LoL: Bilibili Gaming vs Team WE (BO3) - Esports World Cup China Qualifier Phase 2,Bilibili Gaming,Team WE (BO3) - Esports World Cup China Qualifier Phase 2,2026-03-31,2026,0.6816,0.5062641412384168,0.1753,1,YES,0.0863,863.0,419.6226,419.6226,23224.5133,1,1,544664.42
LoL: T1 vs KT Rolster (BO3) - LCK Rounds 1-2,T1,KT Rolster (BO3) - LCK Rounds 1-2,2026-04-01,2026,0.6191,0.661126559608441,-0.042,0,NO,0.0135,135.0,88.3447,88.3447,23312.858,0,0,923486.59
LoL: Hanwha Life Esports vs HANJIN BRION (BO3) - LCK Rounds 1-2,Hanwha Life Esports,HANJIN BRION (BO3) - LCK Rounds 1-2,2026-04-01,2026,0.5722,0.32481368525839993,0.2474,1,YES,0.09,900.0,601.7463,601.7463,23914.6043,1,0,1383117.55
LoL: Kiwoom DRX vs DN SOOPers (BO3) - LCK Rounds 1-2,Kiwoom DRX,DN SOOPers (BO3) - LCK Rounds 1-2,2026-04-02,2026,0.457,0.5418113031062847,-0.0848,0,NO,0.0362,362.0,193.4397,193.4397,24108.044,1,0,694279.5
LoL: Kiwoom DRX Challengers vs KT Rolster Challengers (BO3) - LCK Challengers League Rounds 1-2,Kiwoom DRX Challengers,KT Rolster Challengers (BO3) - LCK Challengers League Rounds 1-2,2026-04-02,2026,0.499,0.3269010197060148,0.1721,1,YES,0.0621,621.0,413.8952,413.8952,24521.9392,0,0,72869.16
LoL: Gen.G Global Academy vs HANJIN BRION Challengers (BO3) - LCK Challengers League Rounds 1-2,Gen.G Global Academy,HANJIN BRION Challengers (BO3) - LCK Challengers League Rounds 1-2,2026-04-02,2026,0.3773,0.32459120793076546,0.0527,0,YES,0.0172,172.0,-56.9609,-56.9609,24464.9783,1,1,174151.45
LoL: Nongshim Esports Academy vs BNK FearX Youth (BO3) - LCK Challengers League Rounds 1-2,Nongshim Esports Academy,BNK FearX Youth (BO3) - LCK Challengers League Rounds 1-2,2026-04-02,2026,0.7896,0.7952765298555381,-0.0057,1,PASS,0.0,0.0,0.0,0.0,24464.9783,1,1,7674.95
LoL: BNK FEARX vs HANJIN BRION (BO3) - LCK Rounds 1-2,BNK FEARX,HANJIN BRION (BO3) - LCK Rounds 1-2,2026-04-03,2026,0.6172,0.36178686805809435,0.2554,0,YES,0.0984,984.0,-362.8144,-362.8144,24102.1639,0,1,721503.32
LoL: Gen.G vs KT Rolster (BO3) - LCK Rounds 1-2,Gen.G,KT Rolster (BO3) - LCK Rounds 1-2,2026-04-03,2026,0.6838,0.592716302019691,0.0911,0,YES,0.0524,524.0,-314.3782,-314.3782,23787.7857,0,0,2184399.39
LoL: Hanwha Life Esports Challengers vs T1 Academy (BO3) - LCK Challengers League Rounds 1-2,Hanwha Life Esports Challengers,T1 Academy (BO3) - LCK Challengers League Rounds 1-2,2026-04-03,2026,0.4232,0.47509610612433356,-0.0519,0,NO,0.0237,237.0,110.8247,110.8247,23898.6104,1,1,206625.74
LoL: DN SOOPers Challengers vs Dplus KIA Challengers (BO3) - LCK Challengers League Rounds 1-2,DN SOOPers Challengers,Dplus KIA Challengers (BO3) - LCK Challengers League Rounds 1-2,2026-04-03,2026,0.424,0.39796767863324034,0.026,0,YES,0.0079,79.0,-32.0073,-32.0073,23866.6031,1,1,70732.21
LoL: SK Gaming vs Shifters (BO3) - LEC Regular Season,SK Gaming,Shifters (BO3) - LEC Regular Season,2026-04-04,2026,0.3543,0.34913463815932666,0.0052,1,PASS,0.0,0.0,0.0,0.0,23866.6031,0,0,226625.6
LoL: Team WE vs Ninjas in Pyjamas (BO3) - LPL Group Ascend,Team WE,Ninjas in Pyjamas (BO3) - LPL Group Ascend,2026-04-04,2026,0.433,0.2743240562203279,0.1587,0,YES,0.053,530.0,-148.557,-148.557,23718.0461,1,1,301906.95
LoL: G2 Esports vs Team Heretics (BO3) - LEC Regular Season,G2 Esports,Team Heretics (BO3) - LEC Regular Season,2026-04-04,2026,0.6392,0.4937358587615831,0.1455,1,YES,0.0692,692.0,345.1456,345.1456,24063.1917,1,0,249146.74
LoL: Natus Vincere vs Team Vitality (BO3) - LEC Regular Season,Natus Vincere,Team Vitality (BO3) - LEC Regular Season,2026-04-04,2026,0.4893,0.6508653618406733,-0.1616,0,NO,0.0601,601.0,387.073,387.073,24450.2647,1,0,339098.62
LoL: Weibo Gaming vs Anyone's Legend (BO3) - LPL Group Ascend,Weibo Gaming,Anyone's Legend (BO3) - LPL Group Ascend,2026-04-04,2026,0.4366,0.43928832776597826,-0.0027,0,PASS,0.0,0.0,0.0,0.0,24450.2647,1,1,489303.21
LoL: RED Canids vs Fluxo W7M (BO3) - CBLOL Regular Season,RED Canids,Fluxo W7M (BO3) - CBLOL Regular Season,2026-04-04,2026,0.6163,0.47661295759313144,0.1397,1,YES,0.0641,641.0,330.6941,330.6941,24780.9588,1,0,42941.67
LoL: Top Esports vs Invictus Gaming (BO3) - LPL Group Ascend,Top Esports,Invictus Gaming (BO3) - LPL Group Ascend,2026-04-04,2026,0.5833,0.5598549207684077,0.0234,0,YES,0.0093,93.0,-52.754,-52.754,24728.2048,0,0,383639.62
LoL: Kiwoom DRX vs Dplus KIA (BO3) - LCK Rounds 1-2,Kiwoom DRX,Dplus KIA (BO3) - LCK Rounds 1-2,2026-04-04,2026,0.3667,0.48245004564766275,-0.1158,0,NO,0.057,570.0,270.7268,270.7268,24998.9316,1,1,305062.07
LoL: T1 vs Hanwha Life Esports (BO3) - LCK Rounds 1-2,T1,Hanwha Life Esports (BO3) - LCK Rounds 1-2,2026-04-04,2026,0.4838,0.6827618042880632,-0.199,1,NO,0.0711,711.0,-230.1764,-230.1764,24768.7552,0,1,1004834.98
LoL: Top Esports vs Anyone's Legend (BO3) - LPL Group Ascend,Top Esports,Anyone's Legend (BO3) - LPL Group Ascend,2026-04-05,2026,0.4934,0.5598549207684077,-0.0665,1,NO,0.0267,267.0,-119.4925,-119.4925,24649.2627,0,1,690386.3
LoL: LOUD vs paiN Gaming (BO3) - CBLOL Regular Season,LOUD,paiN Gaming (BO3) - CBLOL Regular Season,2026-04-05,2026,0.4562,0.5233870424068685,-0.0672,1,NO,0.0289,289.0,-139.9039,-139.9039,24509.3588,0,1,105900.12
LoL: LOS vs Leviatan Esports (BO3) - CBLOL Regular Season,LOS,Leviatan Esports (BO3) - CBLOL Regular Season,2026-04-05,2026,0.6458,0.7668504442820803,-0.1211,1,NO,0.038,380.0,-90.635,-90.635,24418.7237,1,1,75967.9
LoL: Vivo Keyd Stars vs FURIA Esports (BO3) - CBLOL Regular Season,Vivo Keyd Stars,FURIA Esports (BO3) - CBLOL Regular Season,2026-04-05,2026,0.4213,0.5988902014881988,-0.1776,0,NO,0.072,720.0,426.0122,426.0122,24844.7359,1,0,92148.84
LoL: Gen.G vs BNK FEARX (BO3) - LCK Rounds 1-2,Gen.G,BNK FEARX (BO3) - LCK Rounds 1-2,2026-04-05,2026,0.6087,0.7583926749173453,-0.1497,1,NO,0.0479,479.0,-118.363,-118.363,24726.3729,1,1,537577.04
LoL: Sentinels vs Disguised (BO3) - LCS Group Stage,Sentinels,Disguised (BO3) - LCS Group Stage,2026-04-05,2026,0.5586,0.28419013178911223,0.2744,0,YES,0.0945,945.0,-274.3268,-274.3268,24452.0461,0,1,376593.71
LoL: Cloud9 vs LYON (BO3) - LCS Group Stage,Cloud9,LYON (BO3) - LCS Group Stage,2026-04-05,2026,0.5626,0.46253311636921,0.1001,1,YES,0.0437,437.0,231.6139,231.6139,24683.66,1,0,832251.21
LoL: SK Gaming vs GIANTX (BO3) - LEC Regular Season,SK Gaming,GIANTX (BO3) - LEC Regular Season,2026-04-05,2026,0.4561,0.34913463815932666,0.107,0,YES,0.0389,389.0,-138.4653,-138.4653,24545.1948,1,1,224906.08
LoL: Fnatic vs G2 Esports (BO3) - LEC Regular Season,Fnatic,G2 Esports (BO3) - LEC Regular Season,2026-04-05,2026,0.3178,0.3744520022123033,-0.0567,1,NO,0.0338,338.0,-213.8104,-213.8104,24331.3844,0,0,705993.44
LoL: KT Rolster Challengers vs Dplus KIA Challengers (BO3) - LCK Challengers League Rounds 1-2,KT Rolster Challengers,Dplus KIA Challengers (BO3) - LCK Challengers League Rounds 1-2,2026-04-06,2026,0.5801,0.6429702375305292,-0.0629,1,NO,0.022,220.0,-80.0616,-80.0616,24251.3227,1,1,390103.66
LoL: HANJIN BRION Challengers vs DN SOOPers Challengers (BO3) - LCK Challengers League Rounds 1-2,HANJIN BRION Challengers,DN SOOPers Challengers (BO3) - LCK Challengers League Rounds 1-2,2026-04-06,2026,0.4266,0.4782832465120499,-0.0517,0,NO,0.0235,235.0,110.6374,110.6374,24361.9601,1,1,1024695.36
LoL: BNK FearX Youth vs Gen.G Global Academy (BO3) - LCK Challengers League Rounds 1-2,BNK FearX Youth,Gen.G Global Academy (BO3) - LCK Challengers League Rounds 1-2,2026-04-06,2026,0.5513,0.5249038938756665,0.0264,1,YES,0.0101,101.0,47.2291,47.2291,24409.1892,1,1,318686.27
LoL: Team Vitality vs Movistar KOI (BO3) - LEC Regular Season,Team Vitality,Movistar KOI (BO3) - LEC Regular Season,2026-04-06,2026,0.4761,0.6273048213434312,-0.1512,1,NO,0.0581,581.0,-220.6109,-220.6109,24188.5783,0,1,1324386.68
LoL: GIANTX vs Team Heretics (BO3) - LEC Regular Season,GIANTX,Team Heretics (BO3) - LEC Regular Season,2026-04-06,2026,0.5082,0.46643442961560483,0.0418,1,YES,0.0163,163.0,85.7542,85.7542,24274.3325,1,0,758169.93
LoL: Dignitas vs Shopify Rebellion (BO3) - LCS Group Stage,Dignitas,Shopify Rebellion (BO3) - LCS Group Stage,2026-04-06,2026,0.4802,0.294104630754999,0.1861,0,YES,0.0643,643.0,-193.114,-193.114,24081.2185,1,1,207222.21
LoL: Team Liquid vs FlyQuest (BO3) - LCS Group Stage,Team Liquid,FlyQuest (BO3) - LCS Group Stage,2026-04-06,2026,0.5934,0.5306092597679808,0.0628,1,YES,0.0299,299.0,138.1137,138.1137,24219.3322,1,1,678267.22
LoL: Hanwha Life Esports Challengers vs Kiwoom DRX Challengers (BO3) - LCK Challengers League Rounds 1-2,Hanwha Life Esports Challengers,Kiwoom DRX Challengers (BO3) - LCK Challengers League Rounds 1-2,2026-04-07,2026,0.4915,0.2593588076807154,0.2321,0,YES,0.077,770.0,-204.1436,-204.1436,24015.1886,1,1,204422.38
LoL: T1 Academy vs Nongshim Esports Academy (BO3) - LCK Challengers League Rounds 1-2,T1 Academy,Nongshim Esports Academy (BO3) - LCK Challengers League Rounds 1-2,2026-04-07,2026,0.4595,0.6827618042880632,-0.2233,1,NO,0.0801,801.0,-259.3126,-259.3126,23755.876,0,1,366742.78
LoL: Dplus KIA vs Hanwha Life Esports (BO3) - LCK Rounds 1-2,Dplus KIA,Hanwha Life Esports (BO3) - LCK Rounds 1-2,2026-04-08,2026,0.4806,0.6836617238652257,-0.2031,0,NO,0.0726,726.0,491.6281,491.6281,24247.504,1,0,586929.39
LoL: Ninjas in Pyjamas vs Invictus Gaming (BO3) - LPL Group Ascend,Ninjas in Pyjamas,Invictus Gaming (BO3) - LPL Group Ascend,2026-04-08,2026,0.4923,0.46797417349357784,0.0243,0,YES,0.008,80.0,-38.0355,-38.0355,24209.4686,1,1,893723.86
LoL: Top Esports vs Team WE (BO3) - LPL Group Ascend,Top Esports,Team WE (BO3) - LPL Group Ascend,2026-04-08,2026,0.606,0.5598549207684077,0.0461,1,YES,0.0224,224.0,96.9366,96.9366,24306.4051,1,1,305705.58
LoL: T1 vs Gen.G (BO3) - LCK Rounds 1-2,T1,Gen.G (BO3) - LCK Rounds 1-2,2026-04-08,2026,0.426,0.6827618042880632,-0.2568,0,NO,0.0925,925.0,625.5441,625.5441,24931.9492,1,0,734111.67
LoL: DN SOOPers Challengers vs BNK FearX Youth (BO3) - LCK Challengers League Rounds 1-2,DN SOOPers Challengers,BNK FearX Youth (BO3) - LCK Challengers League Rounds 1-2,2026-04-09,2026,0.5893,0.49450965811750053,0.0948,1,YES,0.0438,438.0,218.1202,218.1202,25150.0694,1,0,97221.74
LoL: Gen.G Global Academy vs T1 Academy (BO3) - LCK Challengers League Rounds 1-2,Gen.G Global Academy,T1 Academy (BO3) - LCK Challengers League Rounds 1-2,2026-04-09,2026,0.3255,0.5217167534879501,-0.1962,0,NO,0.0918,918.0,472.064,472.064,25622.1334,1,0,61274.65
LoL: HANJIN BRION vs Kiwoom DRX (BO3) - LCK Rounds 1-2,HANJIN BRION,Kiwoom DRX (BO3) - LCK Rounds 1-2,2026-04-09,2026,0.4853,0.21114408114256816,0.2742,0,YES,0.0858,858.0,-185.4489,-185.4489,25436.6844,1,1,1497472.37
LoL: Team WE vs Bilibili Gaming (BO3) - LPL Group Ascend,Team WE,Bilibili Gaming (BO3) - LPL Group Ascend,2026-04-09,2026,0.281,0.2743240562203279,0.0067,0,PASS,0.0,0.0,0.0,0.0,25436.6844,1,1,353107.08
LoL: Weibo Gaming vs Ninjas in Pyjamas (BO3) - LPL Group Ascend,Weibo Gaming,Ninjas in Pyjamas (BO3) - LPL Group Ascend,2026-04-09,2026,0.5616,0.43928832776597826,0.1223,0,YES,0.0519,519.0,-231.8258,-231.8258,25204.8587,0,1,945352.39
LoL: Dplus KIA Challengers vs HANJIN BRION Challengers (BO3) - LCK Challengers League Rounds 1-2,Dplus KIA Challengers,HANJIN BRION Challengers (BO3) - LCK Challengers League Rounds 1-2,2026-04-09,2026,0.5388,0.5054903418824994,0.0333,1,YES,0.0132,132.0,64.2854,64.2854,25269.1441,1,1,125421.29
LoL: DN SOOPers vs T1 (BO3) - LCK Rounds 1-2,DN SOOPers,T1 (BO3) - LCK Rounds 1-2,2026-04-10,2026,0.4196,0.5175499543523373,-0.0979,0,NO,0.0443,443.0,225.9562,225.9562,25495.1003,1,0,815662.04
LoL: Hanwha Life Esports vs BNK FEARX (BO3) - LCK Rounds 1-2,Hanwha Life Esports,BNK FEARX (BO3) - LCK Rounds 1-2,2026-04-10,2026,0.6002,0.8636841835935026,-0.2635,1,NO,0.0756,756.0,-105.725,-105.725,25389.3753,1,1,1835401.26
LoL: JD Gaming vs Anyone's Legend (BO3) - LPL Group Ascend,JD Gaming,Anyone's Legend (BO3) - LPL Group Ascend,2026-04-10,2026,0.4272,0.34059335655508555,0.0866,1,YES,0.0306,306.0,199.7167,199.7167,25589.092,0,0,717473.23
LoL: KT Rolster Challengers vs Hanwha Life Esports Challengers (BO3) - LCK Challengers League Rounds 1-2,KT Rolster Challengers,Hanwha Life Esports Challengers (BO3) - LCK Challengers League Rounds 1-2,2026-04-10,2026,0.6436,0.6429702375305292,0.0006,0,PASS,0.0,0.0,0.0,0.0,25589.092,0,0,116248.92
LoL: LNG Esports vs EDward Gaming (BO3) - LPL Group Nirvana,LNG Esports,EDward Gaming (BO3) - LPL Group Nirvana,2026-04-10,2026,0.4811,0.5740077198965748,-0.0929,0,NO,0.0378,378.0,214.202,214.202,25803.2941,1,0,997950.08
LoL: Nongshim Esports Academy vs Kiwoom DRX Challengers (BO3) - LCK Challengers League Rounds 1-2,Nongshim Esports Academy,Kiwoom DRX Challengers (BO3) - LCK Challengers League Rounds 1-2,2026-04-10,2026,0.7835,0.7952765298555381,-0.0118,1,PASS,0.0,0.0,0.0,0.0,25803.2941,1,1,152195.61
LoL: Team WE vs Invictus Gaming (BO3) - LPL Group Ascend,Team WE,Invictus Gaming (BO3) - LPL Group Ascend,2026-04-11,2026,0.4221,0.2743240562203279,0.1478,0,YES,0.0493,493.0,-138.186,-138.186,25665.108,1,1,514922.74
LoL: FURIA Esports vs Leviatan Esports (BO3) - CBLOL Regular Season,FURIA Esports,Leviatan Esports (BO3) - CBLOL Regular Season,2026-04-11,2026,0.6708,0.6836857113863462,-0.0129,1,PASS,0.0,0.0,0.0,0.0,25665.108,1,1,158345.6
LoL: Dplus KIA vs Gen.G (BO3) - LCK Rounds 1-2,Dplus KIA,Gen.G (BO3) - LCK Rounds 1-2,2026-04-11,2026,0.4155,0.6836617238652257,-0.2682,1,NO,0.0966,966.0,-311.8502,-311.8502,25353.2578,0,1,695396.97
LoL: Team Heretics vs Natus Vincere (BO3) - LEC Regular Season,Team Heretics,Natus Vincere (BO3) - LEC Regular Season,2026-04-11,2026,0.3772,0.37269517865656876,0.0045,0,PASS,0.0,0.0,0.0,0.0,25353.2578,1,1,225961.08
LoL: G2 Esports vs Team Vitality (BO3) - LEC Regular Season,G2 Esports,Team Vitality (BO3) - LEC Regular Season,2026-04-11,2026,0.5196,0.4937358587615831,0.0259,0,YES,0.0092,92.0,-46.1136,-46.1136,25307.1442,0,1,1210150.76
LoL: Movistar KOI vs SK Gaming (BO3) - LEC Regular Season,Movistar KOI,SK Gaming (BO3) - LEC Regular Season,2026-04-11,2026,0.7092,0.6255479977876967,0.0837,1,YES,0.0521,521.0,191.4284,191.4284,25498.5726,1,1,144080.71
LoL: Shopify Rebellion vs Team Liquid (BO3) - LCS Regular Season,Shopify Rebellion,Team Liquid (BO3) - LCS Regular Season,2026-04-12,2026,0.379,0.6814824418005742,-0.3025,0,NO,0.1,1000.0,674.9705,674.9705,26173.5431,1,0,99047.5
LoL: RED Canids vs paiN Gaming (BO3) - CBLOL Regular Season,RED Canids,paiN Gaming (BO3) - CBLOL Regular Season,2026-04-12,2026,0.5001,0.47661295759313144,0.0235,1,YES,0.0078,78.0,40.2405,40.2405,26213.7836,1,0,94570.15
LoL: Dignitas vs LYON (BO3) - LCS Regular Season,Dignitas,LYON (BO3) - LCS Regular Season,2026-04-12,2026,0.4344,0.294104630754999,0.1403,0,YES,0.0479,479.0,-143.8594,-143.8594,26069.9241,1,1,236463.66
